cod_comuna,nombre_comuna,region,poblacion,hombres,mujeres,edad_0_14,edad_15_29,edad_30_44,edad_45_59,edad_60_mas,escolaridad_promedio,hogares
10101,Puerto Montt,Los Lagos,277040,136544,140496,51260,62493,68149,52757,42381,10.3,100163
10102,Calbuco,Los Lagos,36474,18374,18100,6428,7348,7516,7613,7569,8.7,13410
10103,Cochamó,Los Lagos,4199,2213,1986,587,645,867,950,1150,8.8,1887
10104,Fresia,Los Lagos,12320,6102,6218,2035,2303,2246,2618,3118,8.5,4853
10105,Frutillar,Los Lagos,22554,11034,11520,4344,4214,5172,4326,4498,9.5,8159
10106,Los Muermos,Los Lagos,17162,8620,8542,2887,3140,3250,3648,4237,8.5,6657
10107,Llanquihue,Los Lagos,18088,8826,9262,3154,3648,3758,3710,3818,9.6,6206
10108,Maullín,Los Lagos,15063,7651,7412,2392,2622,2784,3310,3955,8.7,5960
10109,Puerto Varas,Los Lagos,52942,25814,27128,10650,9160,13558,10368,9206,10.8,19108
10201,Castro,Los Lagos,46997,22832,24165,8213,9382,11277,9628,8497,10.0,17911
10202,Ancud,Los Lagos,40949,19981,20968,6704,7427,8691,8713,9414,9.5,15668
10203,Chonchi,Los Lagos,16078,7896,8182,2720,3023,3690,3511,3134,9.1,6355
10204,Curaco de Vélez,Los Lagos,3662,1774,1888,587,686,740,764,885,9.0,1423
10205,Dalcahue,Los Lagos,14894,7403,7491,2678,3111,3318,3049,2738,8.9,5610
10206,Puqueldón,Los Lagos,4048,2021,2027,623,727,840,880,978,8.6,1556
10207,Queilén,Los Lagos,5690,2859,2831,943,1070,1195,1214,1268,8.5,2237
10208,Quellón,Los Lagos,28460,14339,14121,5637,5956,7148,5553,4166,8.7,10859
10209,Quemchi,Los Lagos,8409,4239,4170,1235,1568,1673,1842,2091,8.6,3373
10210,Quinchao,Los Lagos,7678,3727,3951,1139,1437,1549,1676,1877,8.9,3011
10301,Osorno,Los Lagos,166455,79484,86971,28432,34153,37336,32646,33888,10.2,62545
10302,Puerto Octay,Los Lagos,8865,4517,4348,1480,1668,1742,1842,2133,8.9,3349
10303,Purranque,Los Lagos,19542,9515,10027,3294,3709,3722,3955,4862,9.0,7304
10304,Puyehue,Los Lagos,11712,5782,5930,2013,2125,2273,2530,2771,8.9,4404
10305,Río Negro,Los Lagos,13874,6840,7034,2278,2511,2634,2896,3555,9.1,5269
10306,San Juan de la Costa,Los Lagos,7776,4042,3734,1065,1234,1260,1885,2332,7.9,3340
10307,San Pablo,Los Lagos,10883,5357,5526,1804,1871,2050,2330,2828,9.0,4192
10401,Chaitén,Los Lagos,4025,2085,1940,684,678,857,944,862,9.1,1676
10402,Futaleufú,Los Lagos,3062,1542,1520,579,521,766,627,569,9.8,1333
10403,Hualaihué,Los Lagos,9480,4910,4570,1698,1722,2124,2035,1901,8.7,3709
10404,Palena,Los Lagos,1903,946,957,295,300,421,416,471,9.3,868
1101,Iquique,Tarapacá,199587,98413,101174,37595,42520,50456,34721,34295,10.9,69800
1107,Alto Hospicio,Tarapacá,142086,70649,71437,36164,37410,34223,21533,12756,9.1,42150
11101,Coyhaique,Aysén,57823,28170,29653,11220,11122,13986,11241,10254,10.2,22423
11102,Lago Verde,Aysén,779,427,352,87,121,181,169,221,8.8,373
11201,Aysén,Aysén,23170,11522,11648,4459,4533,5633,4447,4098,9.6,9057
11202,Cisnes,Aysén,5137,2598,2539,949,935,1266,1079,908,9.5,2180
11203,Guaitecas,Aysén,1598,857,741,283,305,428,331,251,9.0,606
11301,Cochrane,Aysén,3458,1779,1679,680,654,887,612,625,9.5,1462
11302,O'Higgins,Aysén,647,331,316,132,131,178,120,86,9.6,292
11303,Tortel,Aysén,505,269,236,107,96,145,98,59,9.5,231
11401,Chile Chico,Aysén,4905,2478,2427,862,800,1156,974,1113,9.5,2109
11402,Río Ibáñez,Aysén,2723,1410,1313,420,412,640,547,704,9.3,1231
12101,Punta Arenas,Magallanes,132363,65028,67335,21733,26158,31108,25263,28101,10.8,49571
12102,Laguna Blanca,Magallanes,269,187,82,21,88,60,49,51,11.2,98
12103,Río Verde,Magallanes,102,72,30,6,9,22,41,24,9.4,63
12104,San Gregorio,Magallanes,241,151,90,33,34,59,52,63,10.0,110
12201,Cabo de Hornos,Magallanes,1750,881,869,447,289,595,260,159,10.7,617
12202,Antártica,Magallanes,60,56,4,0,10,28,22,0,15.0,0
12301,Porvenir,Magallanes,6809,3592,3217,1301,1361,1764,1235,1148,9.9,2770
12302,Primavera,Magallanes,431,237,194,84,58,97,104,88,9.4,181
12303,Timaukel,Magallanes,157,95,62,27,26,45,38,21,10.7,62
12401,Natales,Magallanes,24152,12064,12088,4124,4653,6178,4506,4691,10.1,9490
12402,Torres del Paine,Magallanes,203,118,85,23,19,73,46,42,11.1,100
13101,Santiago,Metropolitana,438856,223237,215619,55702,107884,151332,71432,52506,12.4,206458
13102,Cerrillos,Metropolitana,85041,41216,43825,15862,18466,19512,15584,15617,10.0,28186
13103,Cerro Navia,Metropolitana,127250,62329,64921,22366,27548,26255,24819,26262,9.3,41864
13104,Conchalí,Metropolitana,121587,59122,62465,20108,25378,25719,23120,27262,10.1,40727
13105,El Bosque,Metropolitana,155257,75720,79537,27509,33672,32530,27883,33663,9.7,50233
13106,Estación Central,Metropolitana,181049,88630,92419,31175,43617,50080,28541,27636,10.7,67722
13107,Huechuraba,Metropolitana,101808,49479,52329,19459,22400,21437,22085,16427,10.9,31965
13108,Independencia,Metropolitana,116943,56916,60027,20475,26664,32854,19274,17676,10.9,45411
13109,La Cisterna,Metropolitana,103157,49154,54003,17137,22708,26066,17126,20120,11.2,38042
13110,La Florida,Metropolitana,374836,178461,196375,58762,78079,86944,68054,82997,11.3,133631
13111,La Granja,Metropolitana,112022,54758,57264,18992,23696,23580,19420,26334,9.7,37118
13112,La Pintana,Metropolitana,175421,85240,90181,35740,40206,37097,30299,32079,8.8,53951
13113,La Reina,Metropolitana,89870,42260,47610,14657,17150,18179,18322,21562,12.8,30574
13114,Las Condes,Metropolitana,296134,137984,158150,41831,61082,68540,54167,70514,13.7,116176
13115,Lo Barnechea,Metropolitana,112620,53609,59011,22642,26333,20521,23852,19272,12.1,32458
13116,Lo Espejo,Metropolitana,87295,43095,44200,15405,18379,17970,15317,20224,9.2,27387
13117,Lo Prado,Metropolitana,91290,44300,46990,14324,19227,18538,18513,20688,10.0,31862
13118,Macul,Metropolitana,123800,58479,65321,17981,24778,31612,22318,27111,11.8,47555
13119,Maipú,Metropolitana,503635,240903,262732,80972,109788,107847,97812,107216,11.0,167383
13120,Ñuñoa,Metropolitana,241467,111613,129854,31138,44354,76758,41265,47952,13.7,108555
13121,Pedro Aguirre Cerda,Metropolitana,96062,47073,48989,15423,19041,19897,16896,24805,10.0,32328
13122,Peñalolén,Metropolitana,236478,114260,122218,40122,52505,48424,50137,45290,10.7,76078
13123,Providencia,Metropolitana,143974,67329,76645,17123,26722,45167,25377,29585,14.4,69157
13124,Pudahuel,Metropolitana,227820,109673,118147,40541,50007,49679,45040,42553,10.2,74144
13125,Quilicura,Metropolitana,205624,99649,105975,39177,49189,45572,42515,29171,10.4,65059
13126,Quinta Normal,Metropolitana,129351,63130,66221,22064,28214,31755,23003,24315,10.6,45700
13127,Recoleta,Metropolitana,154615,76020,78595,25486,32897,35713,29248,31271,10.2,55579
13128,Renca,Metropolitana,143622,69985,73637,27703,31893,31074,26834,26118,9.5,46397
13129,San Joaquín,Metropolitana,95602,45983,49619,14852,20362,21388,17111,21889,10.6,33461
13130,San Miguel,Metropolitana,150829,71229,79600,23562,31197,47386,24258,24426,12.3,60243
13131,San Ramón,Metropolitana,76002,37417,38585,12491,16254,14746,15114,17397,9.5,24963
13132,Vitacura,Metropolitana,86420,39914,46506,15015,16164,17897,16075,21269,13.4,31114
13201,Puente Alto,Metropolitana,568086,273928,294158,104301,126320,126232,107469,103764,10.4,182855
13202,Pirque,Metropolitana,29060,14399,14661,5449,5792,6107,5795,5917,10.6,9183
13203,San José de Maipo,Metropolitana,17441,8674,8767,2932,3452,3680,3493,3884,10.6,6368
13301,Colina,Metropolitana,173293,86925,86368,41206,36111,43036,32983,19957,10.1,50926
13302,Lampa,Metropolitana,145160,72328,72832,35062,30874,39653,24275,15296,9.8,45445
13303,Tiltil,Metropolitana,19742,9940,9802,3901,4064,4397,3553,3827,9.7,6585
13401,San Bernardo,Metropolitana,306371,148696,157675,60805,69351,69173,56067,50975,9.9,98580
13402,Buin,Metropolitana,116969,56564,60405,24919,22976,31015,20215,17844,10.2,37620
13403,Calera de Tango,Metropolitana,25491,12607,12884,4593,5386,5264,5168,5080,10.4,7852
13404,Paine,Metropolitana,78828,38873,39955,15339,16631,17464,14818,14576,9.6,25871
13501,Melipilla,Metropolitana,136325,66759,69566,26419,28414,30095,24338,27059,9.6,46457
13502,Alhué,Metropolitana,7768,3863,3905,1611,1552,1807,1336,1462,9.2,2770
13503,Curacaví,Metropolitana,35165,17226,17939,6456,6858,7516,6710,7625,10.0,12001
13504,María Pinto,Metropolitana,15352,7559,7793,2900,2930,3242,2912,3368,9.3,5247
13505,San Pedro,Metropolitana,11108,5696,5412,2134,2176,2251,1992,2555,8.6,3973
13601,Talagante,Metropolitana,76429,37488,38941,14473,16076,16866,14454,14560,10.1,24425
13602,El Monte,Metropolitana,37497,18347,19150,7528,7597,8279,6865,7228,9.4,12141
13603,Isla de Maipo,Metropolitana,39274,19401,19873,7507,8001,8722,7525,7519,9.7,12989
13604,Padre Hurtado,Metropolitana,81243,39781,41462,17481,16286,21905,14004,11567,10.1,26139
13605,Peñaflor,Metropolitana,94402,45612,48790,17745,20209,20273,18688,17487,10.3,30713
1401,Pozo Almonte,Tarapacá,16878,8667,8211,4053,3992,3824,2547,2462,9.1,5609
1402,Camiña,Tarapacá,1335,648,687,335,264,226,208,302,7.5,489
1403,Colchane,Tarapacá,790,389,401,194,204,134,92,166,6.7,247
1404,Huara,Tarapacá,2858,1484,1374,698,580,548,439,593,8.1,1036
1405,Pica,Tarapacá,6272,3093,3179,1493,1368,1313,897,1201,9.4,2180
14101,Valdivia,Los Ríos,170043,81660,88383,27477,38973,38335,30988,34270,11.0,63026
14102,Corral,Los Ríos,5501,2746,2755,865,963,1030,1183,1460,9.0,2131
14103,Lanco,Los Ríos,16876,8133,8743,3060,3377,3312,3285,3842,9.3,6432
14104,Los Lagos,Los Ríos,21431,10596,10835,3900,4147,4392,4194,4798,8.9,7908
14105,Máfil,Los Ríos,8074,3947,4127,1441,1559,1708,1516,1850,9.3,2949
14106,Mariquina,Los Ríos,22973,11180,11793,4578,4834,4625,4316,4620,9.0,8223
14107,Paillaco,Los Ríos,19802,9535,10267,3481,3836,3801,3919,4765,9.0,7294
14108,Panguipulli,Los Ríos,35098,17044,18054,6532,6379,7417,7072,7698,8.8,13315
14201,La Unión,Los Ríos,38907,18865,20042,6718,7383,8005,7641,9160,9.5,14579
14202,Futrono,Los Ríos,15635,7615,8020,3136,2868,3213,3103,3315,8.7,5761
14203,Lago Ranco,Los Ríos,10527,5181,5346,1902,1766,2084,2235,2540,8.5,4090
14204,Río Bueno,Los Ríos,33363,16232,17131,5622,6190,6502,6822,8227,9.1,12935
15101,Arica,Arica y Parinacota,241653,118844,122809,47551,54136,54900,42387,42679,10.4,79338
15102,Camarones,Arica y Parinacota,861,430,431,106,114,139,190,312,9.2,437
15201,Putre,Arica y Parinacota,1547,846,701,250,411,278,277,331,9.0,619
15202,General Lagos,Arica y Parinacota,508,261,247,123,71,68,89,157,5.8,226
16101,Chillán,Ñuble,190382,89482,100900,33121,38278,41623,37073,40287,10.6,70003
16102,Bulnes,Ñuble,23863,11472,12391,4139,4357,4656,4904,5807,9.2,8771
16103,Chillán Viejo,Ñuble,32688,15486,17202,6012,6931,6975,6823,5947,9.9,11738
16104,El Carmen,Ñuble,13186,6548,6638,2195,2411,2514,2854,3212,8.6,5008
16105,Pemuco,Ñuble,8930,4416,4514,1517,1719,1671,1867,2156,8.7,3243
16106,Pinto,Ñuble,12502,6120,6382,2006,2174,2526,2653,3143,9.2,4774
16107,Quillón,Ñuble,19165,9375,9790,3012,3173,3635,3825,5520,9.1,7523
16108,San Ignacio,Ñuble,17405,8556,8849,2792,3079,3346,3706,4482,8.6,6620
16109,Yungay,Ñuble,18680,9232,9448,3065,3247,3707,4036,4625,9.3,7309
16201,Quirihue,Ñuble,11746,5685,6061,1915,2037,2379,2371,3044,9.0,4642
16202,Cobquecura,Ñuble,5495,2693,2802,738,804,1109,1125,1719,8.9,2305
16203,Coelemu,Ñuble,15895,7760,8135,2697,2915,3023,3148,4112,9.1,5638
16204,Ninhue,Ñuble,5763,2831,2932,843,947,1015,1276,1682,8.4,2308
16205,Portezuelo,Ñuble,5203,2588,2615,738,868,895,1136,1566,8.4,2045
16206,Ránquil,Ñuble,6508,3197,3311,1049,964,1138,1357,2000,8.8,2615
16207,Treguaco,Ñuble,6124,3069,3055,945,1092,1173,1325,1589,8.7,2336
16301,San Carlos,Ñuble,55847,26745,29102,9506,10563,11136,11284,13358,9.2,20672
16302,Coihueco,Ñuble,29766,14681,15085,5492,5949,6071,6101,6153,8.7,10468
16303,Ñiquén,Ñuble,12797,6416,6381,1976,2070,2197,2744,3810,8.3,4920
16304,San Fabián,Ñuble,5245,2569,2676,950,841,1127,1032,1295,9.1,2022
16305,San Nicolás,Ñuble,15099,7516,7583,2588,2697,2969,3200,3645,8.9,5442
2101,Antofagasta,Antofagasta,401096,197979,203117,75810,95269,100786,71585,57646,10.7,134059
2102,Mejillones,Antofagasta,14084,7021,7063,3346,3344,3451,2177,1766,9.3,4740
2103,Sierra Gorda,Antofagasta,1472,707,765,365,340,367,240,160,9.1,481
2104,Taltal,Antofagasta,12097,6063,6034,2403,2550,2674,2199,2271,9.5,4100
2201,Calama,Antofagasta,166334,82269,84065,34790,36668,41939,29807,23130,10.3,56045
2202,Ollagüe,Antofagasta,256,122,134,48,49,56,53,50,9.5,102
2203,San Pedro de Atacama,Antofagasta,9843,4768,5075,2058,2084,2797,1695,1209,9.8,3895
2301,Tocopilla,Antofagasta,25400,12589,12811,5182,5243,5661,4471,4843,9.6,8690
2302,María Elena,Antofagasta,4834,2477,2357,950,1044,1178,911,751,10.1,1635
3101,Copiapó,Atacama,168831,83536,85295,33541,37950,39999,29846,27495,10.2,56984
3102,Caldera,Atacama,18805,9396,9409,3620,3850,4035,3394,3906,10.0,6922
3103,Tierra Amarilla,Atacama,11846,6070,5776,2456,2682,2458,2207,2043,8.9,3857
3201,Chañaral,Atacama,12345,6219,6126,2506,2485,2520,2206,2628,9.5,4383
3202,Diego de Almagro,Atacama,11397,5672,5725,2412,2267,2615,2264,1839,9.9,4157
3301,Vallenar,Atacama,54222,26541,27681,10541,10463,11732,10071,11415,9.7,18630
3302,Alto del Carmen,Atacama,4788,2454,2334,788,731,902,1018,1349,8.6,1919
3303,Freirina,Atacama,7577,3743,3834,1489,1368,1564,1451,1705,9.0,2733
3304,Huasco,Atacama,9369,4632,4737,1750,1708,1962,1657,2292,9.7,3472
4101,La Serena,Coquimbo,250141,120407,129734,45405,56319,56641,45266,46510,10.9,86442
4102,Coquimbo,Coquimbo,263719,127926,135793,50870,56544,59770,47780,48755,10.4,89924
4103,Andacollo,Coquimbo,11566,5800,5766,2103,2194,2254,2276,2739,9.3,4064
4104,La Higuera,Coquimbo,4335,2299,2036,781,856,766,885,1047,8.3,1626
4105,Paihuano,Coquimbo,4649,2310,2339,765,765,947,1001,1171,9.8,1862
4106,Vicuña,Coquimbo,28047,13738,14309,5152,5623,5737,5415,6120,9.5,9817
4201,Illapel,Coquimbo,32009,15548,16461,5788,5807,6769,6129,7516,9.4,11573
4202,Canela,Coquimbo,9639,4869,4770,1455,1534,1738,1962,2950,8.2,3778
4203,Los Vilos,Coquimbo,22879,11281,11598,4400,4237,4858,4190,5194,9.4,8514
4204,Salamanca,Coquimbo,27823,13772,14051,5127,4982,5955,5619,6140,9.2,10035
4301,Ovalle,Coquimbo,118696,57311,61385,22295,23793,26301,22024,24283,9.6,42131
4302,Combarbalá,Coquimbo,12954,6305,6649,1967,2052,2225,2848,3862,8.7,5250
4303,Monte Patria,Coquimbo,29997,14703,15294,5450,5631,5805,6157,6954,8.4,11210
4304,Punitaqui,Coquimbo,12076,5975,6101,2270,2288,2334,2330,2854,8.6,4461
4305,Río Hurtado,Coquimbo,4334,2153,2181,601,666,784,903,1380,8.4,1880
5101,Valparaíso,Valparaíso,284938,138494,146444,44277,63035,62234,51383,64009,10.9,108777
5102,Casablanca,Valparaíso,29876,14582,15294,5399,5984,6454,5770,6269,9.9,10564
5103,Concón,Valparaíso,48294,23153,25141,7853,9748,10937,9280,10476,12.0,18217
5104,Juan Fernández,Valparaíso,904,458,446,189,126,265,153,171,10.3,374
5105,Puchuncaví,Valparaíso,22539,11156,11383,3943,3976,4721,4264,5635,10.0,8480
5107,Quintero,Valparaíso,35754,17507,18247,6672,6875,7429,6634,8144,10.1,13028
5109,Viña del Mar,Valparaíso,334871,158878,175993,49154,74711,72705,58197,80104,11.5,131821
5201,Isla de Pascua,Valparaíso,4800,2351,2449,1033,851,1402,876,638,10.5,2069
5301,Los Andes,Valparaíso,63440,30469,32971,11610,12623,14190,11492,13525,10.5,23060
5302,Calle Larga,Valparaíso,16597,8139,8458,3392,3119,3815,3141,3130,9.9,5766
5303,Rinconada,Valparaíso,11855,5851,6004,2499,2160,2633,2353,2210,9.9,4043
5304,San Esteban,Valparaíso,20112,9835,10277,3826,3829,4332,3938,4187,9.9,7127
5401,La Ligua,Valparaíso,39270,19171,20099,6808,7323,8196,7603,9340,9.6,14286
5402,Cabildo,Valparaíso,20015,9860,10155,3629,4074,4103,3729,4480,9.2,6777
5403,Papudo,Valparaíso,7561,3766,3795,1334,1331,1568,1478,1850,9.9,2713
5404,Petorca,Valparaíso,10206,5030,5176,1656,1845,2069,2072,2564,9.3,3817
5405,Zapallar,Valparaíso,7980,3902,4078,1501,1246,1744,1430,2059,10.0,2811
5501,Quillota,Valparaíso,96753,46621,50132,17090,19730,21602,17075,21256,10.3,33740
5502,Calera,Valparaíso,50631,24513,26118,9069,10624,10537,9108,11293,9.8,17419
5503,Hijuelas,Valparaíso,19286,9518,9768,3588,3936,4080,3670,4012,9.2,6680
5504,La Cruz,Valparaíso,24939,11993,12946,5036,4710,6343,4508,4342,10.8,8580
5506,Nogales,Valparaíso,22136,10849,11287,3843,4576,4124,4344,5249,9.4,7525
5601,San Antonio,Valparaíso,96770,46972,49798,17827,19446,21095,17725,20677,9.9,34743
5602,Algarrobo,Valparaíso,16076,7673,8403,2416,2249,3084,3074,5253,11.2,6430
5603,Cartagena,Valparaíso,24599,12043,12556,4318,4334,4727,4457,6763,9.4,9267
5604,El Quisco,Valparaíso,18971,9088,9883,2925,2868,3647,3377,6154,10.6,7696
5605,El Tabo,Valparaíso,16260,7915,8345,2406,2237,3007,2960,5650,10.3,6765
5606,Santo Domingo,Valparaíso,13171,6437,6734,2382,2007,2802,2637,3343,10.7,4661
5701,San Felipe,Valparaíso,80413,38921,41492,14984,16801,18481,14295,15852,10.1,29530
5702,Catemu,Valparaíso,13760,6728,7032,2445,2598,2808,2730,3179,9.1,4923
5703,Llaillay,Valparaíso,25484,12538,12946,4982,4812,5448,4807,5435,9.4,8913
5704,Panquehue,Valparaíso,7269,3582,3687,1313,1436,1497,1449,1574,9.3,2441
5705,Putaendo,Valparaíso,17336,8531,8805,3052,3258,3457,3351,4218,9.7,6037
5706,Santa María,Valparaíso,15134,7325,7809,2713,2977,3069,2872,3503,9.4,5360
5801,Quilpué,Valparaíso,162559,77149,85410,25457,32846,34262,30744,39250,11.2,59451
5802,Limache,Valparaíso,56145,27348,28797,10301,10970,12223,10464,12187,10.3,19778
5803,Olmué,Valparaíso,19778,9668,10110,3338,3604,3967,3690,5179,10.0,7449
5804,Villa Alemana,Valparaíso,139571,65629,73942,24469,28376,31299,25245,30182,11.0,49954
6101,Rancagua,O'Higgins,257744,125172,132572,45782,54852,59546,47086,50478,10.5,92398
6102,Codegua,O'Higgins,13955,6885,7070,2515,2768,2885,2767,3020,9.3,4654
6103,Coinco,O'Higgins,7916,3906,4010,1333,1490,1559,1539,1995,9.3,2795
6104,Coltauco,O'Higgins,21373,10653,10720,3867,4150,4423,4125,4808,9.0,7549
6105,Doñihue,O'Higgins,21925,10706,11219,4064,4337,4734,4184,4606,9.7,7699
6106,Graneros,O'Higgins,35938,17613,18325,7131,7944,7934,6539,6390,9.7,12105
6107,Las Cabras,O'Higgins,27554,13900,13654,4932,5044,5779,5422,6377,8.9,9823
6108,Machalí,O'Higgins,60875,29507,31368,12811,11151,14873,12237,9803,11.0,20475
6109,Malloa,O'Higgins,13882,6950,6932,2348,2486,2823,2811,3414,9.0,4932
6110,Mostazal,O'Higgins,27394,13521,13873,5128,5688,5563,5266,5749,9.4,9111
6111,Olivar,O'Higgins,13901,6870,7031,2478,2775,2875,2824,2949,9.7,4708
6112,Peumo,O'Higgins,14243,7115,7128,2433,2600,2953,2944,3313,9.1,4864
6113,Pichidegua,O'Higgins,20363,10152,10211,3458,3595,3953,4244,5113,8.7,7248
6114,Quinta de Tilcoco,O'Higgins,13558,6648,6910,2283,2432,2934,2721,3188,9.1,4856
6115,Rengo,O'Higgins,63620,30925,32695,12203,12784,14456,11654,12523,9.5,22338
6116,Requínoa,O'Higgins,29508,14588,14920,5620,5871,6284,6072,5661,9.4,9833
6117,San Vicente,O'Higgins,49559,24340,25219,8485,8889,10258,9984,11943,9.5,17837
6201,Pichilemu,O'Higgins,19847,9744,10103,3565,3132,4737,3818,4595,10.1,7738
6202,La Estrella,O'Higgins,4609,2343,2266,728,702,913,939,1327,9.1,1812
6203,Litueche,O'Higgins,8852,4443,4409,1543,1435,1798,1732,2344,9.2,3408
6204,Marchigüe,O'Higgins,8715,4347,4368,1387,1425,1716,1843,2344,8.9,3304
6205,Navidad,O'Higgins,8885,4521,4364,1467,1278,1848,1674,2618,9.5,3674
6206,Paredones,O'Higgins,7228,3667,3561,1081,1080,1290,1601,2176,8.3,2857
6301,San Fernando,O'Higgins,75585,36247,39338,14159,14478,16619,14496,15833,9.9,27300
6302,Chépica,O'Higgins,15668,7737,7931,2565,2777,3193,3186,3947,8.7,5531
6303,Chimbarongo,O'Higgins,37258,18467,18791,6597,7098,7587,7768,8208,8.9,13277
6304,Lolol,O'Higgins,7791,3926,3865,1243,1335,1514,1685,2014,8.8,2897
6305,Nancagua,O'Higgins,18723,9222,9501,3295,3699,3980,3698,4051,9.1,6517
6306,Palmilla,O'Higgins,13060,6547,6513,2159,2259,2722,2773,3147,8.9,4453
6307,Peralillo,O'Higgins,12493,6211,6282,2048,2150,2579,2700,3016,9.2,4485
6308,Placilla,O'Higgins,9438,4739,4699,1639,1786,1935,1886,2192,9.0,3287
6309,Pumanque,O'Higgins,4559,2299,2260,669,637,898,946,1409,8.8,1777
6310,Santa Cruz,O'Higgins,41209,20037,21172,7301,7532,9267,8155,8954,9.7,14830
7101,Talca,Maule,232131,110996,121135,40405,51670,50575,42038,47443,10.6,84927
7102,Constitución,Maule,47004,23154,23850,8982,9012,10227,9363,9420,9.2,17554
7103,Curepto,Maule,9519,4876,4643,1240,1545,1609,2071,3054,8.5,3788
7104,Empedrado,Maule,3990,2046,1944,705,780,836,794,875,8.2,1463
7105,Maule,Maule,61081,29505,31576,13674,13019,15421,11185,7782,9.8,20399
7106,Pelarco,Maule,9229,4592,4637,1649,1634,1810,1901,2235,8.8,3247
7107,Pencahue,Maule,9181,4641,4540,1446,1742,1738,1993,2262,8.9,3421
7108,Río Claro,Maule,14276,7195,7081,2438,2538,2712,3076,3512,8.4,5130
7109,San Clemente,Maule,47380,23424,23956,8878,9381,9470,9417,10234,8.7,16654
7110,San Rafael,Maule,11230,5552,5678,2129,2270,2169,2207,2455,8.9,3923
7201,Cauquenes,Maule,42798,20295,22503,7540,7615,8425,8340,10878,9.1,16190
7202,Chanco,Maule,9446,4698,4748,1569,1595,1846,1959,2477,8.4,3485
7203,Pelluhue,Maule,8578,4158,4420,1497,1343,1814,1644,2280,9.3,3484
7301,Curicó,Maule,159968,77105,82863,29580,31428,36719,30758,31483,10.0,57321
7302,Hualañé,Maule,10775,5392,5383,1703,1816,2018,2298,2940,8.7,4066
7303,Licantén,Maule,6892,3372,3520,1095,1170,1362,1455,1810,9.4,2666
7304,Molina,Maule,48949,23906,25043,8813,9764,10275,9449,10648,9.2,17300
7305,Rauco,Maule,11266,5613,5653,1904,2144,2189,2379,2650,8.8,4072
7306,Romeral,Maule,17233,8448,8785,3167,3269,3776,3505,3516,9.0,6113
7307,Sagrada Familia,Maule,19427,9751,9676,3258,3642,4048,4013,4466,8.6,6730
7308,Teno,Maule,30113,14982,15131,5152,5752,6068,6255,6886,8.7,10735
7309,Vichuquén,Maule,4716,2426,2290,696,734,912,1068,1306,9.2,1892
7401,Linares,Maule,96744,46158,50586,17721,18082,20891,18508,21542,9.8,35110
7402,Colbún,Maule,22637,11087,11550,4149,4321,4550,4364,5253,8.8,8220
7403,Longaví,Maule,33299,16598,16701,5836,5940,6653,6940,7930,8.3,11995
7404,Parral,Maule,45323,21848,23475,8250,8084,9294,9033,10662,9.1,17034
7405,Retiro,Maule,22310,11082,11228,3894,3917,4204,4879,5416,8.4,8218
7406,San Javier,Maule,49559,23732,25827,9469,9896,10200,9375,10619,9.0,18058
7407,Villa Alegre,Maule,17919,8616,9303,3237,3302,3449,3557,4374,8.8,6674
7408,Yerbas Buenas,Maule,20035,10007,10028,3654,3816,3974,4103,4488,8.4,7095
8101,Concepción,Biobío,230375,110985,119390,31862,57866,53592,39981,47074,11.9,91718
8102,Coronel,Biobío,123648,59274,64374,24741,25616,26845,23182,23264,9.9,41885
8103,Chiguayante,Biobío,85822,40464,45358,14251,17854,17729,17190,18798,11.1,29370
8104,Florida,Biobío,12958,6455,6503,2052,2127,2597,2707,3475,9.2,4952
8105,Hualqui,Biobío,25795,12388,13407,4889,5283,5435,4953,5235,9.4,8815
8106,Lota,Biobío,39980,19342,20638,6612,8124,6942,8402,9900,9.4,13805
8107,Penco,Biobío,48971,23370,25601,8525,9996,10291,9430,10729,10.1,16829
8108,San Pedro de la Paz,Biobío,150992,72262,78730,30344,32217,35905,28926,23600,10.9,52274
8109,Santa Juana,Biobío,14947,7203,7744,2703,2865,2879,2991,3509,9.0,5602
8110,Talcahuano,Biobío,147322,70548,76774,24209,30699,31213,27379,33822,10.8,50931
8111,Tomé,Biobío,56907,26964,29943,9257,10769,11507,11379,13995,10.1,20717
8112,Hualpén,Biobío,87731,41521,46210,13910,18249,18189,17564,19819,10.8,30590
8201,Lebu,Biobío,25246,12333,12913,4739,5014,5384,5064,5045,9.0,8777
8202,Arauco,Biobío,37163,18128,19035,6837,7332,7902,7488,7604,9.4,13185
8203,Cañete,Biobío,34640,16602,18038,6801,6513,7321,6845,7160,8.8,12530
8204,Contulmo,Biobío,5905,2925,2980,984,1081,1169,1210,1461,8.7,2288
8205,Curanilahue,Biobío,31119,15127,15992,5865,6071,6279,6206,6698,9.2,11095
8206,Los Álamos,Biobío,21950,10581,11369,4422,4317,4641,4311,4259,8.7,7985
8207,Tirúa,Biobío,10208,5023,5185,2133,2232,2185,1902,1756,8.2,3607
8301,Los Ángeles,Biobío,219441,105436,114005,41913,44340,48283,42927,41978,9.9,78445
8302,Antuco,Biobío,4373,2125,2248,661,800,833,876,1203,9.3,1722
8303,Cabrero,Biobío,31256,15264,15992,5527,6130,6410,6543,6646,9.2,11389
8304,Laja,Biobío,23706,11451,12255,4240,4709,4529,4705,5523,9.3,8562
8305,Mulchén,Biobío,29036,14093,14943,5251,5841,5798,5661,6485,8.8,10163
8306,Nacimiento,Biobío,26140,12790,13350,4867,5181,5168,5202,5722,9.3,9231
8307,Negrete,Biobío,10723,5273,5450,1969,2040,2194,2168,2352,8.7,3762
8308,Quilaco,Biobío,4440,2210,2230,739,732,796,892,1281,8.7,1727
8309,Quilleco,Biobío,9700,4826,4874,1573,1718,1721,2073,2615,8.8,3582
8310,San Rosendo,Biobío,3575,1753,1822,547,675,630,718,1005,9.6,1322
8311,Santa Bárbara,Biobío,14075,6847,7228,2474,2824,2816,2701,3260,8.9,5215
8312,Tucapel,Biobío,15729,7568,8161,2664,2926,3132,3055,3952,9.3,6176
8313,Yumbel,Biobío,23170,11359,11811,3706,3884,4421,4918,6241,9.2,8890
8314,Alto Biobío,Biobío,6016,3005,3011,1422,1414,1368,999,813,7.2,2029
9101,Temuco,La Araucanía,292518,138163,154355,50846,66782,66883,53675,54332,11.0,110496
9102,Carahue,La Araucanía,24957,12208,12749,4573,4769,4825,4776,6014,8.4,9090
9103,Cunco,La Araucanía,19177,9368,9809,3260,3438,3500,3834,5145,9.1,7324
9104,Curarrehue,La Araucanía,7733,3901,3832,1543,1453,1643,1531,1563,8.4,2906
9105,Freire,La Araucanía,26164,13029,13135,4377,5035,4869,5488,6395,8.8,9721
9106,Galvarino,La Araucanía,12710,6360,6350,2452,2492,2417,2440,2909,8.0,4515
9107,Gorbea,La Araucanía,14148,6778,7370,2276,2541,2608,2810,3913,9.2,5583
9108,Lautaro,La Araucanía,41936,20197,21739,8231,8840,8727,8094,8044,9.3,14817
9109,Loncoche,La Araucanía,25158,12201,12957,4416,4626,4883,4913,6320,9.1,9568
9110,Melipeuco,La Araucanía,6796,3342,3454,1208,1210,1348,1299,1731,8.9,2624
9111,Nueva Imperial,La Araucanía,33988,16546,17442,6232,6793,6495,6524,7944,8.9,12109
9112,Padre Las Casas,La Araucanía,80656,38960,41696,15982,17697,16980,15629,14368,9.3,27708
9113,Perquenco,La Araucanía,7438,3631,3807,1383,1409,1407,1569,1670,8.8,2742
9114,Pitrufquén,La Araucanía,27041,12988,14053,4797,5169,5435,5352,6288,9.5,10252
9115,Pucón,La Araucanía,32321,15767,16554,6183,6064,7695,6210,6169,10.2,12548
9116,Saavedra,La Araucanía,12877,6275,6602,2352,2234,2423,2505,3363,8.1,4926
9117,Teodoro Schmidt,La Araucanía,15639,7758,7881,2788,2522,2943,3191,4195,8.3,6048
9118,Toltén,La Araucanía,10041,4941,5100,1709,1844,1805,2090,2593,8.6,3857
9119,Vilcún,La Araucanía,31575,15386,16189,6119,6478,6538,6307,6133,9.2,11229
9120,Villarrica,La Araucanía,67737,32807,34930,13190,12391,15185,13089,13882,9.9,25155
9121,Cholchol,La Araucanía,13167,6578,6589,2683,2621,2605,2412,2846,8.3,4549
9201,Angol,La Araucanía,53022,25143,27879,9807,10348,11446,9968,11453,9.6,19220
9202,Collipulli,La Araucanía,24303,11731,12572,4566,4852,4941,4667,5277,8.6,8764
9203,Curacautín,La Araucanía,18536,8944,9592,3185,3228,3662,3677,4784,9.3,7102
9204,Ercilla,La Araucanía,7730,3750,3980,1571,1561,1485,1447,1666,8.2,2787
9205,Lonquimay,La Araucanía,10247,5125,5122,2074,2023,1966,2003,2181,8.2,3763
9206,Los Sauces,La Araucanía,7348,3636,3712,1314,1300,1414,1495,1825,8.2,2716
9207,Lumaco,La Araucanía,9253,4691,4562,1670,1748,1752,1899,2184,7.7,3401
9208,Purén,La Araucanía,12184,5793,6391,2259,2196,2404,2373,2952,8.5,4515
9209,Renaico,La Araucanía,10686,5150,5536,2012,1981,2202,2144,2347,8.7,3834
9210,Traiguén,La Araucanía,18873,8971,9902,3460,3472,3486,3577,4878,8.8,7026
9211,Victoria,La Araucanía,34464,16600,17864,6218,6499,6907,6738,8102,9.4,12465
