id,nombre,cadena,tipo,formato,direccion,comuna,cod_comuna,region,lat,lon,modalidad,telefono,horario,fecha_corte
h5785,URGENCIA - AHUMADA,Ahumada,cadena,farmacia,"Avenida Irarrázaval 4221,",Ñuñoa,13120,Metropolitana,-33.455665,-70.585645,Urgencia,,Semanal · Lunes - Domingo: 00:00 a 23:59 hrs. · Festivos: 00:00 a 23:59 hrs.,2026-08
h1443,URGENCIA - AHUMADA,Ahumada,cadena,farmacia,"Los Leones 1160,",Providencia,13123,Metropolitana,-33.429953,-70.602725,Urgencia,,Semanal · Lunes - Domingo: 00:00 a 23:59 hrs. · Festivos: 00:00 a 23:59 hrs.,2026-08
h1463,URGENCIA - CRUZ VERDE,Cruz Verde,cadena,farmacia,"Avenida Eliodoro Yañez 1281,",Providencia,13123,Metropolitana,-33.433517,-70.617574,Urgencia,,Semanal · Lunes - Domingo: 00:00 a 23:59 hrs. · Festivos: 00:00 a 23:59 hrs.,2026-08
h1436,URGENCIA - SALCOBRAND,Salcobrand,cadena,farmacia,"Avenida Manuel Montt 1140,",Providencia,13123,Metropolitana,-33.438334,-70.615686,Urgencia,,Semanal · Lunes - Domingo: 00:00 a 23:59 hrs. · Festivos: 00:00 a 23:59 hrs.,2026-08
h8106,AGUIRRE,Independiente,independiente,farmacia,"Avenida Francisco Bilbao 3088,",Providencia,13123,Metropolitana,-33.431708,-70.58528,Privada,,Semanal · Lunes - Viernes: 10:00 a 19:00 hrs. · Sábado: 10:00 a 14:00 hrs. · Domingo: Cerrado,2026-08
h7195,AGUIRRE,Independiente,independiente,farmacia,"Avenida Irarrazaval N° 1546,",Ñuñoa,13120,Metropolitana,-33.452818,-70.61457,Privada,,Semanal · Lunes - Viernes: 09:00 a 19:00 hrs. · Sábado: 10:00 a 14:00 hrs. · Domingo: Cerrado,2026-08
h1299,AHUMADA,Ahumada,cadena,farmacia,"Salvador 1866,",Ñuñoa,13120,Metropolitana,-33.450133,-70.621565,Privada,,Semanal · Lunes - Domingo: 08:30 a 21:30 hrs. · Festivos: 08:30 a 21:30 hrs.,2026-08
h1324,AHUMADA,Ahumada,cadena,farmacia,"Sucre 3250,",Ñuñoa,13120,Metropolitana,-33.447787,-70.597554,Privada,,Semanal · Lunes - Sábado: 08:00 a 23:00 hrs. · Domingo: 09:00 a 23:00 hrs.,2026-08
h1437,AHUMADA,Ahumada,cadena,farmacia,"Avenida Nueva Providencia 1313,",Providencia,13123,Metropolitana,-33.429649,-70.619527,Privada,,Semanal · Lunes - Viernes: 08:00 a 21:30 hrs. · Sábado: 09:00 a 21:00 hrs. · Domingo: 09:30 a 20:00 hrs.,2026-08
h1438,AHUMADA,Ahumada,cadena,farmacia,"Av. Andres Bello 2447. Interior Costanera Center,",Providencia,13123,Metropolitana,-33.417668,-70.608283,Privada,,Semanal · Lunes - Sábado: 08:30 a 22:00 hrs. · Domingo: 09:00 a 22:00 hrs. · Festivos: 09:00 a 22:00 hrs.,2026-08
h1440,AHUMADA,Ahumada,cadena,farmacia,"Francisco Bilbao 2489,",Providencia,13123,Metropolitana,-33.436597,-70.599078,Privada,,Semanal · Lunes - Sábado: 08:30 a 22:30 hrs. · Domingo: 09:00 a 22:00 hrs. · Festivos: 09:00 a 22:00 hrs.,2026-08
h4277,AHUMADA,Ahumada,cadena,farmacia,"Av. Jose Pedro Alessandri 1166. Local 4014. Portal ñuñoa,",Ñuñoa,13120,Metropolitana,-33.464848,-70.598262,Privada,,Semanal · Lunes - Domingo: 09:00 a 22:00 hrs. · Festivos: 09:00 a 22:00 hrs.,2026-08
h11289,AHUMADA,Ahumada,cadena,farmacia,"Calle Ricardo Lyon 3154,",Ñuñoa,13120,Metropolitana,-33.450169,-70.602103,Privada,,Semanal · Lunes - Sábado: 09:00 a 21:00 hrs. · Domingo: Cerrado,2026-08
h1441,AHUMADA,Ahumada,cadena,farmacia,"Francisco Bilbao 3785,",Providencia,13123,Metropolitana,-33.431708,-70.583843,Privada,,Semanal · Lunes - Sábado: 08:00 a 00:00 hrs. · Domingo: 10:00 a 22:00 hrs.,2026-08
h1442,AHUMADA,Ahumada,cadena,farmacia,"La Concepcion 135,",Providencia,13123,Metropolitana,-33.424527,-70.6159,Privada,,Semanal · Lunes - Viernes: 08:00 a 22:00 hrs. · Sábado: 08:30 a 16:00 hrs. · Domingo: Cerrado,2026-08
h1314,AHUMADA,Ahumada,cadena,farmacia,"Campo De Deportes 156,",Ñuñoa,13120,Metropolitana,-33.45502,-70.609098,Privada,,Semanal · Lunes - Viernes: 08:00 a 23:00 hrs. · Sábado: 09:00 a 23:00 hrs. · Domingo: 10:00 a 20:00 hrs.,2026-08
h1315,AHUMADA,Ahumada,cadena,farmacia,"Emilia Tellez 5593,",Ñuñoa,13120,Metropolitana,-33.441485,-70.572899,Privada,,Semanal · Lunes - Viernes: 08:00 a 23:00 hrs. · Sábado: 09:00 a 23:00 hrs. · Domingo: Cerrado,2026-08
h1444,AHUMADA,Ahumada,cadena,farmacia,"Pedro De Valdivia 1885,",Providencia,13123,Metropolitana,-33.439533,-70.607918,Privada,,Semanal · Lunes - Sábado: 08:00 a 22:00 hrs. · Domingo: 09:00 a 22:00 hrs.,2026-08
h1316,AHUMADA,Ahumada,cadena,farmacia,"Av. Grecia 245. Interior Lider,",Ñuñoa,13120,Metropolitana,-33.455307,-70.627123,Privada,,Semanal · Lunes - Sábado: 08:00 a 22:00 hrs. · Domingo: 09:00 a 21:30 hrs. · Festivos: 09:00 a 21:30 hrs.,2026-08
h11534,AHUMADA,Ahumada,cadena,farmacia,"Avenida Providencia 2208,",Providencia,13123,Metropolitana,-33.421518,-70.60854,Privada,,Semanal · Lunes - Viernes: 08:00 a 21:00 hrs. · Sábado: 09:00 a 18:00 hrs. · Domingo: Cerrado,2026-08
h1445,AHUMADA,Ahumada,cadena,farmacia,"Av. Providencia 2001,",Providencia,13123,Metropolitana,-33.423578,-70.612424,Privada,,Semanal · Lunes - Sábado: 08:00 a 22:00 hrs. · Domingo: Cerrado,2026-08
h1317,AHUMADA,Ahumada,cadena,farmacia,"Avenida Grecia 3031,",Ñuñoa,13120,Metropolitana,-33.464634,-70.600065,Privada,,Semanal · Lunes - Viernes: 08:00 a 23:00 hrs. · Sábado: 09:00 a 23:00 hrs. · Domingo: Cerrado,2026-08
h5817,AHUMADA,Ahumada,cadena,farmacia,"Avenida El Bosque 164,",Providencia,13123,Metropolitana,-33.421769,-70.598369,Privada,,Semanal · Lunes - Viernes: 08:00 a 21:00 hrs. · Sábado - Domingo: 09:00 a 21:00 hrs. · Festivos: 09:00 a 21:00 hrs.,2026-08
h1448,AHUMADA,Ahumada,cadena,farmacia,"Rancagua 0180,",Providencia,13123,Metropolitana,-33.441002,-70.630406,Privada,,Semanal · Lunes - Sábado: 08:00 a 22:30 hrs. · Domingo: 09:00 a 22:00 hrs.,2026-08
h1318,AHUMADA,Ahumada,cadena,farmacia,"Av. Irarrazaval 2928. Interior Lider,",Ñuñoa,13120,Metropolitana,-33.454501,-70.600622,Privada,,Semanal · Lunes - Sábado: 08:30 a 22:30 hrs. · Domingo: 09:00 a 22:30 hrs.,2026-08
h10958,AHUMADA,Ahumada,cadena,farmacia,"Avenida Andres Bello 2447,",Providencia,13123,Metropolitana,-33.417811,-70.607811,Privada,,Semanal · Lunes - Sábado: 08:00 a 21:00 hrs. · Domingo: 09:00 a 21:00 hrs. · Festivos: 09:00 a 21:00 hrs.,2026-08
h1449,AHUMADA,Ahumada,cadena,farmacia,"Salvador 89,",Providencia,13123,Metropolitana,-33.434663,-70.6262,Privada,,Semanal · Lunes - Viernes: 08:00 a 22:00 hrs. · Sábado: 08:00 a 17:00 hrs. · Domingo: Cerrado,2026-08
h1319,AHUMADA,Ahumada,cadena,farmacia,"Avenida Pedro De Valdivia 2523,",Ñuñoa,13120,Metropolitana,-33.445854,-70.60633,Privada,,Semanal · Lunes - Viernes: 08:00 a 22:30 hrs. · Sábado: 10:00 a 21:30 hrs. · Domingo: 10:30 a 21:30 hrs. · Festivos: 10:30 a 21:30 hrs.,2026-08
h5820,AHUMADA,Ahumada,cadena,farmacia,"Andrés Bello 2447, Local 192, Costanera Center,",Providencia,13123,Metropolitana,-33.418062,-70.607317,Privada,,Semanal · Lunes - Domingo: 09:00 a 22:00 hrs. · Festivos: 09:00 a 22:00 hrs.,2026-08
h11721,Ahumada,Ahumada,cadena,farmacia,"Avenida Irarrazaval 3115,",Ñuñoa,13120,Metropolitana,-33.455128,-70.598434,Privada,,Semanal · Lunes - Viernes: 07:30 a 22:00 hrs. · Sábado: 08:30 a 22:00 hrs. · Domingo: 08:30 a 18:00 hrs. · Festivos: 10:00 a 18:00 hrs.,2026-08
h12392,AHUMADA,Ahumada,cadena,farmacia,"Avenida Providencia 2663,",Providencia,13123,Metropolitana,-33.417865,-70.602468,Privada,,Semanal · Lunes - Viernes: 08:30 a 21:00 hrs. · Sábado: 09:00 a 20:00 hrs. · Domingo: 10:00 a 20:00 hrs. · Festivos: 10:00 a 20:00 hrs.,2026-08
h1321,AHUMADA,Ahumada,cadena,farmacia,"Pedro De Valdivia 3774,",Ñuñoa,13120,Metropolitana,-33.457276,-70.605386,Privada,,Semanal · Lunes - Sábado: 09:00 a 22:00 hrs. · Domingo: Cerrado,2026-08
h1322,AHUMADA,Ahumada,cadena,farmacia,"Simon Bolivar 3756,",Ñuñoa,13120,Metropolitana,-33.448486,-70.591267,Privada,,Semanal · Lunes - Viernes: 08:00 a 00:00 hrs. · Sábado: 09:00 a 00:00 hrs. · Domingo: Cerrado,2026-08
h1323,AHUMADA,Ahumada,cadena,farmacia,"Simon Bolivar 4800 L- 115,",Ñuñoa,13120,Metropolitana,-33.448271,-70.58056,Privada,,Semanal · Lunes - Sábado: 09:00 a 22:00 hrs. · Domingo: 10:00 a 22:00 hrs.,2026-08
h6957,AMABIEN,Independiente,independiente,farmacia,"Calle Pedro De Oña 031,",Ñuñoa,13120,Metropolitana,-33.454018,-70.629633,Privada,,Semanal · Lunes - Viernes: 10:00 a 20:00 hrs. · Sábado: 10:00 a 15:00 hrs. · Domingo: Cerrado,2026-08
h7336,Amapolas,Independiente,independiente,farmacia,"Avenida Francisco Bilbao N° 2948, Locales 3 Y 4,",Providencia,13123,Metropolitana,-33.434681,-70.588499,Privada,,Semanal · Lunes - Viernes: 10:00 a 14:00 y 16:00 a 20:00 hrs. · Sábado: 10:00 a 15:00 hrs. · Domingo: Cerrado,2026-08
h1453,ARAVIL,Independiente,independiente,farmacia,"Providencia 1773,",Providencia,13123,Metropolitana,-33.426193,-70.614763,Privada,,Semanal · Lunes - Viernes: 09:30 a 21:00 hrs. · Sábado: 10:00 a 15:00 hrs. · Domingo: Cerrado,2026-08
h1454,ASODI,Independiente,independiente,farmacia,"Rancagua 250,",Providencia,13123,Metropolitana,-33.440787,-70.629569,Privada,,Semanal · Lunes - Viernes: 09:00 a 18:00 hrs. · Sábado y Domingo: Cerrado,2026-08
h12524,Aurora,Independiente,independiente,farmacia,"Avenida General Bustamante 751,",Ñuñoa,13120,Metropolitana,-33.451816,-70.629397,Privada,,Semanal · Lunes - Viernes: 09:00 a 21:00 hrs. · Sábado: 09:00 a 20:00 hrs. · Domingo: Cerrado,2026-08
h7912,BIOALBA,Independiente,independiente,farmacia,"Avenida Providencia 2633,",Providencia,13123,Metropolitana,-33.418671,-70.60191,Privada,,Semanal · Lunes - Viernes: 09:00 a 18:30 hrs. · Sábado: 10:00 a 13:00 hrs. · Domingo: Cerrado,2026-08
h6759,BIOCUBA,Independiente,independiente,farmacia,"Pedro De Valdivia N°331,",Providencia,13123,Metropolitana,-33.426569,-70.613583,Privada,,Semanal · Lunes - Viernes: 09:30 a 18:00 hrs. · Sábado: 10:00 a 14:00 hrs. · Domingo: Cerrado,2026-08
h1455,BIOFORMULA,Independiente,independiente,farmacia,"General Flores 38,",Providencia,13123,Metropolitana,-33.427715,-70.618561,Privada,,Semanal · Lunes: 08:30 a 21:30 hrs. · Martes: 08:30 a 20:00 hrs. · Miércoles - Viernes: 08:30 a 22:00 hrs. · Sábado: 09:00 a 14:00 hrs. · Domingo: Cerrado,2026-08
h4374,BIOSPHARE,Independiente,independiente,farmacia,"Calle Guardia Vieja 27,",Providencia,13123,Metropolitana,-33.423023,-70.611072,Privada,,Semanal · Lunes - Martes: 09:30 a 18:45 hrs. · Miércoles - Viernes: 09:30 a 17:45 hrs. · Sábado: 10:00 a 14:00 hrs. · Domingo: Cerrado,2026-08
h1326,BLANCO,Independiente,independiente,farmacia,"Hamburgo 1065,",Ñuñoa,13120,Metropolitana,-33.444636,-70.577212,Privada,,Semanal · Lunes - Sábado: 11:00 a 15:00 y 17:00 a 22:00 hrs. · Domingo: Cerrado,2026-08
h7909,CAPAX,Independiente,independiente,farmacia,"Irarrazaval 1642, Local 4,",Ñuñoa,13120,Metropolitana,-33.452621,-70.613669,Privada,,Semanal · Lunes - Viernes: 10:00 a 21:00 hrs. · Sábado: 10:00 a 15:00 hrs. · Domingo: Cerrado,2026-08
h7432,CEM,Independiente,independiente,farmacia,"Vicuña Mackenna 210,",Providencia,13123,Metropolitana,-33.444099,-70.633024,Privada,,Semanal · Lunes - Viernes: 09:15 a 13:00 y 13:45 a 17:30 hrs. · Sábado y Domingo: Cerrado,2026-08
h8184,CENTRAL,Independiente,independiente,farmacia,"Providencia 2372, Local 6,",Providencia,13123,Metropolitana,-33.419709,-70.606588,Privada,,Semanal · Lunes - Sábado: 10:00 a 20:00 hrs. · Domingo: Cerrado,2026-08
h11028,Central,Independiente,independiente,farmacia,"Avenida Providencia 2372,",Providencia,13123,Metropolitana,-33.419924,-70.606545,Privada,,Semanal · Lunes - Sábado: 10:00 a 20:00 hrs. · Domingo: Cerrado,2026-08
h5309,CENTRAL DE HOMEOPATÍA,Independiente,independiente,farmacia,"Avenida Suecia 3598,",Ñuñoa,13120,Metropolitana,-33.453481,-70.599957,Privada,,Semanal · Lunes - Sábado: 09:30 a 20:00 hrs. · Domingo: Cerrado,2026-08
h1481,CESFAR,Independiente,independiente,farmacia,"General Holley 2371,",Providencia,13123,Metropolitana,-33.419405,-70.607317,Privada,,Semanal · Lunes - Viernes: 09:00 a 19:00 hrs. · Sábado: 00:00 a 00:00 hrs. · Domingo: Cerrado,2026-08
h7472,CHILE,Independiente,independiente,farmacia,"Zañartu N° 1100, Local 4,",Ñuñoa,13120,Metropolitana,-33.472814,-70.620943,Privada,,Semanal · Lunes - Viernes: 10:00 a 19:00 hrs. · Sábado: 10:00 a 15:00 hrs. · Domingo: Cerrado,2026-08
h6122,CHILEFARMA,Independiente,independiente,farmacia,"Los Leones 1458, Local 103,",Providencia,13123,Metropolitana,-33.432604,-70.601824,Privada,,Semanal · Lunes - Viernes: 10:00 a 21:00 hrs. · Sábado: 10:00 a 15:00 hrs. · Domingo: Cerrado,2026-08
h7298,CONSTITUCION,Independiente,independiente,farmacia,"Av. Nueva Providencia 2600-2610,",Providencia,13123,Metropolitana,-33.417829,-70.602983,Privada,,Semanal · Lunes - Viernes: 10:00 a 19:00 hrs. · Sábado: 10:00 a 14:00 hrs. · Domingo: Cerrado,2026-08
h6604,COOPERCARAB,Independiente,independiente,farmacia,"Avenida Antonio Varas 2519,",Ñuñoa,13120,Metropolitana,-33.450276,-70.610171,Privada,,Semanal · Lunes - Jueves: 08:30 a 18:00 hrs. · Viernes: 08:30 a 15:00 hrs. · Sábado y Domingo: Cerrado,2026-08
h4543,CRUZ VERDE,Cruz Verde,cadena,farmacia,"Pedro Torres 384. Local 1,",Ñuñoa,13120,Metropolitana,-33.451279,-70.58925,Privada,,Semanal · Lunes - Sábado: 09:00 a 22:00 hrs. · Domingo: 10:00 a 22:00 hrs. · Festivos: 10:00 a 22:00 hrs.,2026-08
h1460,CRUZ VERDE,Cruz Verde,cadena,farmacia,"Av. Andres Bello 2447. Interior Costanera Center,",Providencia,13123,Metropolitana,-33.417668,-70.608283,Privada,,Semanal · Lunes - Domingo: 08:00 a 22:30 hrs.,2026-08
h1461,CRUZ VERDE,Cruz Verde,cadena,farmacia,"Barcelona 2095,",Providencia,13123,Metropolitana,-33.425082,-70.610729,Privada,,Semanal · Lunes - Viernes: 08:00 a 21:00 hrs. · Sábado: 09:00 a 14:30 hrs. · Domingo: Cerrado,2026-08
h10485,CRUZ VERDE,Cruz Verde,cadena,farmacia,"Avenida Providencia 628, Local 103,",Providencia,13123,Metropolitana,-33.430222,-70.622531,Privada,,Semanal · Lunes - Viernes: 08:30 a 18:30 hrs. · Sábado: 10:00 a 14:00 hrs. · Domingo: Cerrado,2026-08
h12090,CRUZ VERDE,Cruz Verde,cadena,farmacia,"Avenida Salvador 702,",Providencia,13123,Metropolitana,-33.439891,-70.624462,Privada,,Semanal · Lunes - Viernes: 10:30 a 19:00 hrs. · Sábado y Domingo: Cerrado,2026-08
h5799,CRUZ VERDE,Cruz Verde,cadena,farmacia,"Avenida Luis Thayer Ojeda 150,",Providencia,13123,Metropolitana,-33.418026,-70.604292,Privada,,Semanal · Lunes - Viernes: 08:00 a 21:30 hrs. · Sábado: 09:30 a 21:00 hrs. · Domingo: 10:00 a 21:00 hrs. · Festivos: 10:00 a 21:00 hrs.,2026-08
h1462,CRUZ VERDE,Cruz Verde,cadena,farmacia,"Bellavista 415,",Providencia,13123,Metropolitana,-33.431977,-70.62929,Privada,,Semanal · Lunes - Domingo: 08:00 a 00:00 hrs. · Festivos: 08:00 a 00:00 hrs.,2026-08
h1327,CRUZ VERDE,Cruz Verde,cadena,farmacia,"Antonio Varas 2280. Local 1,",Ñuñoa,13120,Metropolitana,-33.448325,-70.610665,Privada,,Semanal · Lunes - Viernes: 08:30 a 23:00 hrs. · Sábado: 09:00 a 23:00 hrs. · Domingo: 10:00 a 22:00 hrs.,2026-08
h6507,CRUZ VERDE,Cruz Verde,cadena,farmacia,"Eliodoro Yañez N° 2616, Local 114,",Providencia,13123,Metropolitana,-33.429022,-70.598777,Privada,,Semanal · Lunes - Sábado: 08:30 a 18:00 hrs. · Domingo: Cerrado,2026-08
h1328,CRUZ VERDE,Cruz Verde,cadena,farmacia,"Coventry 601,",Ñuñoa,13120,Metropolitana,-33.448557,-70.58071,Privada,,Semanal · Lunes - Sábado: 08:30 a 22:00 hrs. · Domingo: 10:00 a 22:00 hrs. · Festivos: 10:00 a 22:00 hrs.,2026-08
h4526,CRUZ VERDE,Cruz Verde,cadena,farmacia,"Av. Holanda 2954, Local 1,",Ñuñoa,13120,Metropolitana,-33.445746,-70.597254,Privada,,Semanal · Lunes - Viernes: 09:00 a 22:00 hrs. · Sábado: 10:00 a 21:00 hrs. · Domingo: Cerrado,2026-08
h1464,CRUZ VERDE,Cruz Verde,cadena,farmacia,"Avenida Francisco Bilbao 2191,",Providencia,13123,Metropolitana,-33.437796,-70.604206,Privada,,Semanal · Lunes - Domingo: 08:30 a 21:30 hrs. · Festivos: 08:30 a 21:30 hrs.,2026-08
h6993,CRUZ VERDE,Cruz Verde,cadena,farmacia,"General Bustamante 1001,",Ñuñoa,13120,Metropolitana,-33.453821,-70.628882,Privada,,Semanal · Lunes - Viernes: 09:00 a 20:00 hrs. · Sábado: 10:00 a 20:00 hrs. · Domingo: 10:00 a 19:00 hrs. · Festivos: 10:00 a 19:00 hrs.,2026-08
h4816,CRUZ VERDE,Cruz Verde,cadena,farmacia,"Avenida Providencia 2120,",Providencia,13123,Metropolitana,-33.422629,-70.611137,Privada,,Semanal · Lunes - Viernes: 08:00 a 22:00 hrs. · Sábado: 10:00 a 20:30 hrs. · Domingo: Cerrado,2026-08
h1331,CRUZ VERDE,Cruz Verde,cadena,farmacia,"Irarrazaval 1489. Monserrat,",Ñuñoa,13120,Metropolitana,-33.453051,-70.615471,Privada,,Semanal · Lunes - Domingo: 08:30 a 22:00 hrs. · Festivos: 08:30 a 22:00 hrs.,2026-08
h1465,CRUZ VERDE,Cruz Verde,cadena,farmacia,"Av. Los Conquistadores 1850 Interior Clinica Indisa,",Providencia,13123,Metropolitana,-33.421178,-70.61781,Privada,,Semanal · Lunes - Viernes: 08:30 a 20:30 hrs. · Sábado: 09:00 a 13:30 hrs. · Domingo: Cerrado,2026-08
h1332,CRUZ VERDE,Cruz Verde,cadena,farmacia,"Av. Irarrazaval 2520,",Ñuñoa,13120,Metropolitana,-33.454089,-70.604764,Privada,,Semanal · Lunes - Viernes: 08:30 a 22:00 hrs. · Sábado: 09:00 a 20:30 hrs. · Domingo: Cerrado,2026-08
h1466,CRUZ VERDE,Cruz Verde,cadena,farmacia,"Providencia 1310,",Providencia,13123,Metropolitana,-33.428718,-70.620192,Privada,,Semanal · Lunes - Viernes: 08:00 a 22:00 hrs. · Sábado: 09:00 a 21:00 hrs. · Domingo: Cerrado,2026-08
h1333,CRUZ VERDE,Cruz Verde,cadena,farmacia,"Avenida Irarrazaval 2768,",Ñuñoa,13120,Metropolitana,-33.454251,-70.602361,Privada,,Semanal · Lunes - Viernes: 09:00 a 21:00 hrs. · Sábado: 09:00 a 20:00 hrs. · Domingo: Cerrado,2026-08
h1467,CRUZ VERDE,Cruz Verde,cadena,farmacia,"Santa Beatriz 22,",Providencia,13123,Metropolitana,-33.427536,-70.617338,Privada,,Semanal · Lunes - Viernes: 08:30 a 22:30 hrs. · Sábado: 09:30 a 20:00 hrs. · Domingo: Cerrado,2026-08
h1468,CRUZ VERDE,Cruz Verde,cadena,farmacia,"Avenida Providencia 2012,",Providencia,13123,Metropolitana,-33.423363,-70.612338,Privada,,Semanal · Lunes - Viernes: 08:00 a 22:00 hrs. · Sábado: 10:00 a 21:00 hrs. · Domingo: Cerrado,2026-08
h1335,CRUZ VERDE,Cruz Verde,cadena,farmacia,"Irarrazaval 4949,",Ñuñoa,13120,Metropolitana,-33.454483,-70.579036,Privada,,Semanal · Lunes - Sábado: 08:00 a 22:00 hrs. · Domingo: 09:00 a 21:00 hrs.,2026-08
h6703,CRUZ VERDE,Cruz Verde,cadena,farmacia,"Americo Vespucio 925, Local 8, Interior Lider,",Ñuñoa,13120,Metropolitana,-33.463309,-70.574573,Privada,,Semanal · Lunes - Domingo: 10:00 a 21:00 hrs. · Festivos: 10:00 a 21:00 hrs.,2026-08
h4796,CRUZ VERDE,Cruz Verde,cadena,farmacia,"Avenida Francisco Bilbao 2851,",Providencia,13123,Metropolitana,-33.435594,-70.591653,Privada,,Semanal · Lunes - Viernes: 08:30 a 22:00 hrs. · Sábado: 09:30 a 22:00 hrs. · Domingo: 10:00 a 21:00 hrs. · Festivos: 10:00 a 21:00 hrs.,2026-08
h1470,CRUZ VERDE,Cruz Verde,cadena,farmacia,"Av. Providencia 2502. Local 1,",Providencia,13123,Metropolitana,-33.419244,-70.604184,Privada,,Semanal · Lunes - Viernes: 09:00 a 20:00 hrs. · Sábado y Domingo: Cerrado,2026-08
h1336,CRUZ VERDE,Cruz Verde,cadena,farmacia,"Irarrazaval 5696,",Ñuñoa,13120,Metropolitana,-33.453427,-70.571569,Privada,,Semanal · Lunes - Viernes: 08:30 a 22:00 hrs. · Sábado: 09:00 a 22:00 hrs. · Domingo: Cerrado,2026-08
h4470,CRUZ VERDE,Cruz Verde,cadena,farmacia,"Avenida Irarrazaval 2401, Local 13,",Ñuñoa,13120,Metropolitana,-33.454089,-70.606159,Privada,,Semanal · Lunes - Viernes: 08:30 a 22:00 hrs. · Sábado: 09:00 a 21:00 hrs. · Domingo: 10:00 a 20:00 hrs. · Festivos: 10:00 a 20:00 hrs.,2026-08
h6434,CRUZ VERDE,Cruz Verde,cadena,farmacia,"Avenida Manuel Montt 2222, Local 1,",Ñuñoa,13120,Metropolitana,-33.44811,-70.613454,Privada,,Semanal · Lunes - Viernes: 09:00 a 22:00 hrs. · Sábado: 10:00 a 20:00 hrs. · Domingo: Cerrado,2026-08
h4797,CRUZ VERDE,Cruz Verde,cadena,farmacia,"Las Bellotas 182,",Providencia,13123,Metropolitana,-33.422145,-70.608218,Privada,,Semanal · Lunes - Viernes: 08:00 a 22:00 hrs. · Sábado: 09:30 a 21:00 hrs. · Domingo: 10:00 a 21:00 hrs. · Festivos: 10:00 a 21:00 hrs.,2026-08
h4262,CRUZ VERDE,Cruz Verde,cadena,farmacia,"Dublé Almeyda 4231,",Ñuñoa,13120,Metropolitana,-33.457974,-70.586053,Privada,,Semanal · Lunes - Viernes: 09:00 a 22:00 hrs. · Sábado: 09:30 a 21:30 hrs. · Domingo: 10:30 a 21:00 hrs. · Festivos: 10:30 a 21:00 hrs.,2026-08
h1471,CRUZ VERDE,Cruz Verde,cadena,farmacia,"Avenida Providencia 2594,",Providencia,13123,Metropolitana,-33.418706,-70.602811,Privada,,Semanal · Lunes - Viernes: 08:30 a 22:30 hrs. · Sábado: 09:00 a 19:00 hrs. · Domingo: Cerrado,2026-08
h9135,Cruz Verde,Cruz Verde,cadena,farmacia,"Avenida Irarrázaval 2461,",Ñuñoa,13120,Metropolitana,-33.454322,-70.605429,Privada,,Semanal · Lunes - Sábado: 07:30 a 21:30 hrs. · Domingo: Cerrado · Festivos: 10:00 a 19:00 hrs.,2026-08
h1337,CRUZ VERDE,Cruz Verde,cadena,farmacia,"Jose Pedro Alessandri 1166. Portal ñuñoa,",Ñuñoa,13120,Metropolitana,-33.465296,-70.598241,Privada,,Semanal · Lunes - Domingo: 10:00 a 22:00 hrs. · Festivos: 10:00 a 22:00 hrs.,2026-08
h6709,CRUZ VERDE,Cruz Verde,cadena,farmacia,"Jose Manuel Infante 927,",Providencia,13123,Metropolitana,-33.439694,-70.621522,Privada,,Semanal · Lunes - Viernes: 09:00 a 18:30 hrs. · Sábado: 10:30 a 13:00 hrs. · Domingo: Cerrado,2026-08
h5323,CRUZ VERDE,Cruz Verde,cadena,farmacia,"Avenida Manuel Montt 1221, Local 101,",Providencia,13123,Metropolitana,-33.439068,-70.615814,Privada,,Semanal · Lunes - Viernes: 08:30 a 22:00 hrs. · Sábado: 09:30 a 22:00 hrs. · Domingo: 10:00 a 20:00 hrs.,2026-08
h5924,CRUZ VERDE,Cruz Verde,cadena,farmacia,"Avenida Providencia N° 1956, Local B,",Providencia,13123,Metropolitana,-33.424133,-70.613132,Privada,,Semanal · Lunes - Viernes: 08:00 a 22:00 hrs. · Sábado: 10:00 a 21:00 hrs. · Domingo: Cerrado,2026-08
h5541,CRUZ VERDE,Cruz Verde,cadena,farmacia,"Calle Suecia 55,",Providencia,13123,Metropolitana,-33.421268,-70.607897,Privada,,Semanal · Lunes - Viernes: 08:00 a 21:30 hrs. · Sábado: 09:00 a 21:00 hrs. · Domingo: Cerrado · Festivos: 08:00 a 21:30 hrs.,2026-08
h1472,CRUZ VERDE,Cruz Verde,cadena,farmacia,"Providencia 2699,",Providencia,13123,Metropolitana,-33.418259,-70.601545,Privada,,Semanal · Lunes - Viernes: 08:00 a 22:00 hrs. · Sábado: 09:00 a 20:00 hrs. · Domingo: Cerrado,2026-08
h1338,CRUZ VERDE,Cruz Verde,cadena,farmacia,"Avenida Jose Pedro Alessandri 331,",Ñuñoa,13120,Metropolitana,-33.458207,-70.598326,Privada,,Semanal · Lunes - Viernes: 09:00 a 22:00 hrs. · Sábado - Domingo: 10:00 a 22:00 hrs.,2026-08
h1474,CRUZ VERDE,Cruz Verde,cadena,farmacia,"Ricardo Lyon 62,",Providencia,13123,Metropolitana,-33.422467,-70.60957,Privada,,Semanal · Lunes - Viernes: 09:00 a 22:00 hrs. · Sábado: 09:30 a 21:30 hrs. · Domingo: 10:30 a 21:30 hrs.,2026-08
h12057,CRUZ VERDE,Cruz Verde,cadena,farmacia,"Avenida Andres Bello 2447,",Providencia,13123,Metropolitana,-33.417811,-70.607811,Privada,,Semanal · Lunes - Domingo: 09:00 a 21:00 hrs. · Festivos: 09:00 a 21:00 hrs.,2026-08
h1339,CRUZ VERDE,Cruz Verde,cadena,farmacia,"Av. Ossa 1220,",Ñuñoa,13120,Metropolitana,-33.442756,-70.57262,Privada,,Semanal · Lunes - Sábado: 08:30 a 23:00 hrs. · Domingo: 10:00 a 22:30 hrs. · Festivos: 10:00 a 22:30 hrs.,2026-08
h4570,CRUZ VERDE,Cruz Verde,cadena,farmacia,"Av. Salvador 1822, Local 1,",Ñuñoa,13120,Metropolitana,-33.449721,-70.621672,Privada,,Semanal · Lunes - Viernes: 08:30 a 22:00 hrs. · Sábado: 09:00 a 21:00 hrs. · Domingo: 10:00 a 20:00 hrs. · Festivos: 10:00 a 20:00 hrs.,2026-08
h1475,CRUZ VERDE,Cruz Verde,cadena,farmacia,"Salvador 42,",Providencia,13123,Metropolitana,-33.43409,-70.626329,Privada,,Semanal · Lunes - Viernes: 08:00 a 21:00 hrs. · Sábado: 09:00 a 15:00 hrs. · Domingo: Cerrado,2026-08
h1340,CRUZ VERDE,Cruz Verde,cadena,farmacia,"Avenida Pedro De Valdivia 2520,",Ñuñoa,13120,Metropolitana,-33.445567,-70.606116,Privada,,Semanal · Lunes - Sábado: 08:30 a 18:00 hrs. · Domingo: Cerrado,2026-08
h10893,Cruz Verde,Cruz Verde,cadena,farmacia,"Calle Padre Mariano 55,",Providencia,13123,Metropolitana,-33.425924,-70.615943,Privada,,Semanal · Lunes - Viernes: 11:00 a 20:00 hrs. · Sábado y Domingo: Cerrado,2026-08
h11774,CRUZ VERDE,Cruz Verde,cadena,farmacia,"Avenida Providencia 03,",Providencia,13123,Metropolitana,-33.437528,-70.634998,Privada,,Semanal · Lunes - Viernes: 10:30 a 19:30 hrs. · Sábado y Domingo: Cerrado,2026-08
h9820,CRUZ VERDE,Cruz Verde,cadena,farmacia,"Avenida Nueva Providencia 1885, Local 102,",Providencia,13123,Metropolitana,-33.425745,-70.613819,Privada,,Semanal · Lunes - Viernes: 10:30 a 19:30 hrs. · Sábado y Domingo: Cerrado,2026-08
h1476,CRUZ VERDE,Cruz Verde,cadena,farmacia,"Santa Isabel 865 Local 2,",Providencia,13123,Metropolitana,-33.445102,-70.619849,Privada,,Semanal · Lunes - Viernes: 08:30 a 22:00 hrs. · Sábado: 09:00 a 22:00 hrs. · Domingo: 10:00 a 22:00 hrs. · Festivos: 10:00 a 22:00 hrs.,2026-08
h1341,CRUZ VERDE,Cruz Verde,cadena,farmacia,"Av. Pedro De Valdivia 3601 Local 1,",Ñuñoa,13120,Metropolitana,-33.455647,-70.605236,Privada,,Semanal · Lunes - Martes: 08:30 a 22:00 hrs. · Miércoles: 08:30 a 21:30 hrs. · Jueves - Viernes: 08:30 a 22:00 hrs. · Sábado - Domingo: 10:00 a 21:00 hrs.,2026-08
h1477,CRUZ VERDE,Cruz Verde,cadena,farmacia,"Seminario 101,",Providencia,13123,Metropolitana,-33.440894,-70.629934,Privada,,Semanal · Lunes - Viernes: 09:30 a 22:00 hrs. · Sábado: 10:00 a 22:00 hrs. · Domingo: Cerrado,2026-08
h12066,CRUZ VERDE,Cruz Verde,cadena,farmacia,"Avenida Carlos Antunez 2490,",Providencia,13123,Metropolitana,-33.426515,-70.602039,Privada,,Semanal · Lunes - Viernes: 10:00 a 20:00 hrs. · Sábado y Domingo: Cerrado,2026-08
h1342,CRUZ VERDE,Cruz Verde,cadena,farmacia,"Tobalaba 4507 Local 1,",Ñuñoa,13120,Metropolitana,-33.434036,-70.582362,Privada,,Semanal · Lunes - Viernes: 08:30 a 23:00 hrs. · Sábado: 09:30 a 23:00 hrs. · Domingo: 09:00 a 22:00 hrs.,2026-08
h4431,CRUZ VERDE,Cruz Verde,cadena,farmacia,"Doctor Barros Borgoño 63, Local 2,",Providencia,13123,Metropolitana,-33.429326,-70.618883,Privada,,Semanal · Sábado y Domingo: Cerrado,2026-08
h4113,CRUZ VERDE,Cruz Verde,cadena,farmacia,"Av. Jose Domingo Cañas 2151. Locales A-b-c-d,",Ñuñoa,13120,Metropolitana,-33.456846,-70.608669,Privada,,Semanal · Lunes - Jueves: 08:30 a 22:00 hrs. · Viernes - Sábado: 09:00 a 22:00 hrs. · Domingo: Cerrado,2026-08
h11007,Cruz Verde,Cruz Verde,cadena,farmacia,"Avenida Irarrazaval 3612,",Ñuñoa,13120,Metropolitana,-33.455146,-70.592941,Privada,,Semanal · Lunes - Viernes: 09:00 a 20:00 hrs. · Sábado: 10:00 a 16:00 hrs. · Domingo: Cerrado,2026-08
h6103,CRUZ VERDE,Cruz Verde,cadena,farmacia,"Avenida Pedro De Valdivia 1698,",Providencia,13123,Metropolitana,-33.438172,-70.607317,Privada,,Semanal · Lunes - Viernes: 08:00 a 21:30 hrs. · Sábado: 09:00 a 20:00 hrs. · Domingo: Cerrado,2026-08
h7661,Curie,Independiente,independiente,farmacia,"Calle Carlos Wilson 1461,",Providencia,13123,Metropolitana,-33.44247,-70.613154,Privada,,Semanal · Lunes - Viernes: 10:00 a 20:00 hrs. · Sábado: 10:00 a 19:00 hrs. · Domingo: Cerrado,2026-08
h7222,DAMYFAR,Independiente,independiente,farmacia,"Avenida Irarrazaval 3636,",Ñuñoa,13120,Metropolitana,-33.454949,-70.592619,Privada,,Semanal · Lunes - Viernes: 10:00 a 20:00 hrs. · Sábado: 10:00 a 14:00 hrs. · Domingo: Cerrado,2026-08
h12053,DB Farma,Independiente,independiente,farmacia,"Avenida General Jose Artigas 3002,",Ñuñoa,13120,Metropolitana,-33.446409,-70.598777,Privada,,Semanal · Lunes - Viernes: 09:30 a 14:30 y 15:00 a 18:00 hrs. · Sábado y Domingo: Cerrado,2026-08
h9051,DEL DR SIMI,Dr. Simi,cadena,farmacia,"Avenida Francisco Bilbao 1350, Local 102,",Providencia,13123,Metropolitana,-33.439121,-70.614999,Privada,,Semanal · Lunes - Viernes: 10:00 a 20:00 hrs. · Sábado y Domingo: Cerrado,2026-08
h9935,Del Dr Simi,Dr. Simi,cadena,farmacia,"Calle Santa Isabel 0198,",Providencia,13123,Metropolitana,-33.446767,-70.628775,Privada,,Semanal · Lunes - Viernes: 09:00 a 20:00 hrs. · Sábado - Domingo: 10:00 a 18:00 hrs. · Festivos: 10:00 a 18:00 hrs.,2026-08
h13163,Del Dr. Simi,Dr. Simi,cadena,farmacia,"Avenida Providencia 1478,",Providencia,13123,Metropolitana,-33.427589,-70.617746,Privada,,Semanal · Lunes - Viernes: 08:30 a 20:00 hrs. · Sábado: 09:00 a 19:00 hrs. · Domingo: Cerrado,2026-08
h1479,DEL DR. SIMI,Dr. Simi,cadena,farmacia,"Providencia 2532,",Providencia,13123,Metropolitana,-33.419065,-70.603734,Privada,,Semanal · Lunes - Viernes: 10:00 a 19:00 hrs. · Sábado: 10:00 a 15:00 hrs. · Domingo: Cerrado,2026-08
h1345,DEL DR. SIMI,Dr. Simi,cadena,farmacia,"Avenida Irarrazaval 024,",Ñuñoa,13120,Metropolitana,-33.451959,-70.630449,Privada,,Semanal · Lunes: 10:00 a 20:00 hrs. · Martes - Jueves: 10:00 a 19:30 hrs. · Viernes: 10:00 a 19:00 hrs. · Sábado y Domingo: Cerrado,2026-08
h1480,DEL DR. SIMI,Dr. Simi,cadena,farmacia,"Avenida Seminario 97,",Providencia,13123,Metropolitana,-33.440751,-70.630105,Privada,,Semanal · Lunes - Viernes: 09:30 a 19:30 hrs. · Sábado: 10:00 a 19:00 hrs. · Domingo: Cerrado,2026-08
h7391,DEL DR. SIMI,Dr. Simi,cadena,farmacia,"Providencia 1266 L-6,",Providencia,13123,Metropolitana,-33.428807,-70.620578,Privada,,Semanal · Lunes - Viernes: 09:00 a 19:00 hrs. · Sábado y Domingo: Cerrado,2026-08
h9927,Del Dr. Simi,Dr. Simi,cadena,farmacia,"Avenida Pedro De Valdivia 2451,",Providencia,13123,Metropolitana,-33.445227,-70.606459,Privada,,Semanal · Lunes - Viernes: 09:00 a 19:00 hrs. · Sábado: 09:00 a 15:00 hrs. · Domingo: Cerrado,2026-08
h13224,Del Dr. Simi,Dr. Simi,cadena,farmacia,"Avenida Vicuña Mackenna 1300,",Ñuñoa,13120,Metropolitana,-33.458422,-70.628882,Privada,,Semanal · Lunes - Viernes: 10:30 a 14:00 y 16:00 a 20:00 hrs. · Sábado: 10:30 a 15:00 hrs. · Domingo: Cerrado,2026-08
h1346,DEL DR. SIMI,Dr. Simi,cadena,farmacia,"Irarrazaval 5662,",Ñuñoa,13120,Metropolitana,-33.453517,-70.572041,Privada,,Semanal · Lunes - Viernes: 07:00 a 21:00 hrs. · Sábado: 08:00 a 21:00 hrs. · Domingo: Cerrado · Festivos: 08:00 a 21:00 hrs.,2026-08
h1347,DEL DR. SIMI,Dr. Simi,cadena,farmacia,"Avenida Pedro De Valdivia 3376,",Ñuñoa,13120,Metropolitana,-33.453481,-70.604807,Privada,,Semanal · Lunes - Viernes: 09:00 a 19:00 hrs. · Sábado: 09:00 a 14:00 hrs. · Domingo: Cerrado,2026-08
h12530,DEL DR. SIMI,Dr. Simi,cadena,farmacia,"Avenida Salvador 327,",Providencia,13123,Metropolitana,-33.436847,-70.625835,Privada,,Semanal · Lunes - Viernes: 08:00 a 19:00 hrs. · Sábado y Domingo: Cerrado,2026-08
h12750,Del Dr. Simi,Dr. Simi,cadena,farmacia,"Avenida Irarrázaval 351,",Ñuñoa,13120,Metropolitana,-33.452675,-70.628753,Privada,,Semanal · Lunes - Viernes: 10:00 a 20:00 hrs. · Sábado y Domingo: Cerrado,2026-08
h5086,DEL DR. SIMI,Dr. Simi,cadena,farmacia,"Avenida Providencia 1947, Local 2,",Providencia,13123,Metropolitana,-33.424008,-70.612961,Privada,,Semanal · Lunes - Viernes: 10:00 a 20:00 hrs. · Sábado y Domingo: Cerrado,2026-08
h9377,Del Dr. Simi,Dr. Simi,cadena,farmacia,"Avenida Providencia 2218, Local 2,",Providencia,13123,Metropolitana,-33.421447,-70.609613,Privada,,Semanal · Lunes - Viernes: 09:00 a 19:00 hrs. · Sábado y Domingo: Cerrado,2026-08
h4795,DEL DR. SIMI,Dr. Simi,cadena,farmacia,"Avenida Irarrazaval 3239,",Ñuñoa,13120,Metropolitana,-33.455092,-70.597189,Privada,,Semanal · Lunes - Viernes: 08:00 a 20:00 hrs. · Sábado: 09:00 a 17:00 hrs. · Domingo: Cerrado,2026-08
h12575,DEL DR. SIMI,Dr. Simi,cadena,farmacia,"Avenida Campo De Deportes 100,",Ñuñoa,13120,Metropolitana,-33.454662,-70.608927,Privada,,Semanal · Lunes - Viernes: 10:00 a 18:00 hrs. · Sábado: 10:00 a 15:00 hrs. · Domingo: Cerrado,2026-08
h12223,DEL DR. SIMI,Dr. Simi,cadena,farmacia,"Avenida Pedro De Valdivia 5273,",Ñuñoa,13120,Metropolitana,-33.472169,-70.606652,Privada,,Semanal · Lunes: 09:00 a 20:00 hrs. · Martes - Jueves: 09:00 a 19:00 hrs. · Viernes: 09:00 a 17:00 hrs. · Sábado y Domingo: Cerrado,2026-08
h7331,DEL DR. SIMI,Dr. Simi,cadena,farmacia,"Avenida Providencia N° 2080 - 2084, Locales 7 Y 8,",Providencia,13123,Metropolitana,-33.422772,-70.611802,Privada,,Semanal · Lunes - Viernes: 09:00 a 19:00 hrs. · Sábado y Domingo: Cerrado,2026-08
h9841,Del Dr. Simi,Dr. Simi,cadena,farmacia,"Luis Thayer Ojeda 098, Local 103,",Providencia,13123,Metropolitana,-33.431493,-70.611072,Privada,,Semanal · Lunes - Viernes: 09:00 a 19:00 hrs. · Sábado: 10:00 a 15:00 hrs. · Domingo: Cerrado,2026-08
h10807,Del Dr. Simi,Dr. Simi,cadena,farmacia,"Avenida Irarrazaval 4860,",Ñuñoa,13120,Metropolitana,-33.454286,-70.579594,Privada,,Semanal · Lunes - Sábado: 10:00 a 19:00 hrs. · Domingo: Cerrado,2026-08
h10080,DEL DR. SIMI,Dr. Simi,cadena,farmacia,"Eliodoro Yáñez 2943,",Providencia,13123,Metropolitana,-33.427285,-70.591996,Privada,,Semanal · Lunes - Viernes: 08:00 a 21:00 hrs. · Sábado: 09:00 a 19:30 hrs. · Domingo: Cerrado,2026-08
h8142,DR SIMI,Dr. Simi,cadena,farmacia,"Avenida Irarrázaval 1717,",Ñuñoa,13120,Metropolitana,-33.453391,-70.61324,Privada,,Semanal · Sábado y Domingo: Cerrado,2026-08
h8157,Dr. Ponce,Independiente,independiente,farmacia,"Avenida Antonio Varas 841,",Providencia,13123,Metropolitana,-33.435146,-70.615257,Privada,,Semanal · Lunes - Viernes: 09:30 a 19:30 hrs. · Sábado: 10:00 a 15:00 hrs. · Domingo: Cerrado,2026-08
h9630,ECO FARMACIAS,Ecofarmacia,independiente,farmacia,"Avenida Providencia 2518, Local 5,",Providencia,13123,Metropolitana,-33.418957,-70.604034,Privada,,Semanal · Lunes - Viernes: 09:00 a 19:00 hrs. · Sábado: 10:00 a 14:00 hrs. · Domingo: Cerrado,2026-08
h6728,ECO FARMACIAS,Ecofarmacia,independiente,farmacia,"Avenida Irrarazaval 2879,",Ñuñoa,13120,Metropolitana,-33.454823,-70.601159,Privada,,Semanal · Lunes - Viernes: 10:00 a 14:00 y 15:00 a 19:00 hrs. · Sábado: 10:00 a 15:00 hrs. · Domingo: Cerrado,2026-08
h12896,Eco Farmacias,Ecofarmacia,independiente,farmacia,"Avenida Irarrázaval 5621,",Ñuñoa,13120,Metropolitana,-33.45366,-70.572298,Privada,,Semanal · Lunes - Viernes: 09:00 a 19:00 hrs. · Sábado: 10:00 a 14:00 hrs. · Domingo: Cerrado,2026-08
h7341,ECO FARMACIAS,Ecofarmacia,independiente,farmacia,"Providencia 2076,",Providencia,13123,Metropolitana,-33.422915,-70.611759,Privada,,Semanal · Lunes - Viernes: 09:00 a 19:00 hrs. · Sábado: 10:00 a 15:00 hrs. · Domingo: Cerrado,2026-08
h9819,ECO FARMACIAS,Ecofarmacia,independiente,farmacia,"Avenida Ricardo Lyon 33, Local 2,",Providencia,13123,Metropolitana,-33.422163,-70.609935,Privada,,Semanal · Lunes - Viernes: 09:00 a 19:00 hrs. · Sábado: 10:00 a 14:00 hrs. · Domingo: Cerrado,2026-08
h5759,ECO SALUD,Independiente,independiente,farmacia,"Avenida Manuel Montt 1465,",Providencia,13123,Metropolitana,-33.441252,-70.615342,Privada,,Semanal · Lunes - Viernes: 10:00 a 14:00 y 16:00 a 20:00 hrs. · Sábado: 10:00 a 14:00 hrs. · Domingo: Cerrado,2026-08
h8107,ECOFARMACIA,Ecofarmacia,independiente,farmacia,"Providencia 1312,",Providencia,13123,Metropolitana,-33.428538,-70.620085,Privada,,Semanal · Sábado y Domingo: Cerrado,2026-08
h5468,ECOPHARMA,Independiente,independiente,farmacia,"Avenida Manuel Antonio Matta N° 60, Local 3,",Ñuñoa,13120,Metropolitana,-33.455038,-70.628947,Privada,,Semanal · Lunes - Viernes: 10:00 a 20:00 hrs. · Sábado: 10:00 a 18:00 hrs. · Domingo: Cerrado,2026-08
h5909,EKONOPLUS,Independiente,independiente,farmacia,"Cirujano Videla 1315 L-2,",Ñuñoa,13120,Metropolitana,-33.451565,-70.61751,Privada,,Semanal · Lunes - Viernes: 10:00 a 12:00 y 15:00 a 22:00 hrs. · Sábado: 10:00 a 19:00 hrs. · Domingo: Cerrado,2026-08
h12999,FALP Santa Isabel,Independiente,independiente,farmacia,"Avenida Santa Isabel 1001,",Providencia,13123,Metropolitana,-33.445263,-70.617853,Privada,,Semanal · Lunes - Sábado: 08:00 a 20:00 hrs. · Domingo: 09:00 a 20:00 hrs. · Festivos: 09:00 a 20:00 hrs.,2026-08
h11183,FARMA OLGA,Independiente,independiente,farmacia,"Avenida Irarrázaval 2366,",Ñuñoa,13120,Metropolitana,-33.45357,-70.60633,Privada,,Semanal · Lunes - Sábado: 09:00 a 19:00 hrs. · Domingo: Cerrado,2026-08
h7243,FARMA VITALITY,Independiente,independiente,farmacia,"Santa Beatriz N°113,",Providencia,13123,Metropolitana,-33.426551,-70.618046,Privada,,Semanal · Lunes - Sábado: 09:00 a 14:00 y 16:00 a 20:00 hrs. · Domingo: 10:00 a 18:00 hrs. · Festivos: 10:00 a 18:00 hrs.,2026-08
h7459,FARMAAHORRO,Independiente,independiente,farmacia,"Avenida Rancagua N° 0112,",Providencia,13123,Metropolitana,-33.441181,-70.630964,Privada,,Semanal · Lunes - Viernes: 10:00 a 19:00 hrs. · Sábado: 10:00 a 15:00 hrs. · Domingo: Cerrado,2026-08
h7259,FARMABIEN,Independiente,independiente,farmacia,"Avenida Irarrázaval 5350,",Ñuñoa,13120,Metropolitana,-33.45323,-70.574401,Privada,,Semanal · Lunes - Sábado: 10:00 a 19:00 hrs. · Domingo: Cerrado,2026-08
h7012,FARMABIENESTAR SPA,Independiente,independiente,farmacia,"Holanda 286, Local 3,",Providencia,13123,Metropolitana,-33.420909,-70.602961,Privada,,Semanal · Lunes - Viernes: 08:00 a 18:00 hrs. · Sábado: 10:00 a 15:00 hrs. · Domingo: Cerrado · Festivos: 10:00 a 15:00 hrs.,2026-08
h6454,FARMAFULL,Independiente,independiente,farmacia,"Avenida José Pedro Alessandri N° 61, Local 1,",Ñuñoa,13120,Metropolitana,-33.455432,-70.598262,Privada,,Semanal · Lunes - Sábado: 10:00 a 19:00 hrs. · Domingo: Cerrado,2026-08
h11517,FARMALINE,Independiente,independiente,farmacia,"Calle San Eugenio 1485,",Ñuñoa,13120,Metropolitana,-33.46594,-70.62399,Privada,,Semanal · Lunes - Viernes: 09:00 a 15:00 y 17:00 a 20:00 hrs. · Sábado: 10:00 a 14:00 hrs. · Domingo: Cerrado,2026-08
h10147,Farmanorte,Independiente,independiente,farmacia,"Avenida Manuel Montt 712,",Providencia,13123,Metropolitana,-33.434502,-70.616523,Privada,,Semanal · Lunes - Viernes: 08:00 a 21:30 hrs. · Sábado: 10:00 a 20:00 hrs. · Domingo: Cerrado,2026-08
h13241,Farmanorte,Independiente,independiente,farmacia,"Calle Condell 480,",Providencia,13123,Metropolitana,-33.43948,-70.627209,Privada,,Semanal · Lunes - Viernes: 10:00 a 17:30 hrs. · Sábado: 10:00 a 14:00 hrs. · Domingo: Cerrado,2026-08
h7073,FARMAOFERTAS,Independiente,independiente,farmacia,"Avenida Irarrázaval 200,",Ñuñoa,13120,Metropolitana,-33.452228,-70.628732,Privada,,Semanal · Sábado y Domingo: Cerrado,2026-08
h5798,FARMAPRECIO,Independiente,independiente,farmacia,"Avenida Pedro De Valdivia 56 Y 92 ,",Providencia,13123,Metropolitana,-33.424026,-70.611952,Privada,,Semanal · Lunes - Viernes: 09:30 a 14:00 y 16:00 a 20:30 hrs. · Sábado y Domingo: Cerrado,2026-08
h7776,FARMATENCION,Independiente,independiente,farmacia,"Avenida Irarrázaval 2220, L-3,",Ñuñoa,13120,Metropolitana,-33.453517,-70.607982,Privada,,Semanal · Lunes - Viernes: 09:30 a 20:00 hrs. · Sábado: 11:00 a 16:00 hrs. · Domingo: Cerrado,2026-08
h10064,Farmatica,Independiente,independiente,farmacia,"Calle Los Avellanos 2551,",Ñuñoa,13120,Metropolitana,-33.473422,-70.605686,Privada,,Semanal · Lunes - Viernes: 11:00 a 21:00 hrs. · Sábado: 09:00 a 14:00 hrs. · Domingo: 11:00 a 14:00 hrs.,2026-08
h11983,FARMAUNION,Independiente,independiente,farmacia,"Avenida Irarrazaval 5455,",Ñuñoa,13120,Metropolitana,-33.453517,-70.573972,Privada,,Semanal · Lunes - Viernes: 09:00 a 15:00 y 17:00 a 20:00 hrs. · Sábado: 10:00 a 17:00 hrs. · Domingo: Cerrado,2026-08
h8029,Farmavitale,Independiente,independiente,farmacia,"Avenida Los Leones N° 2605, Local 105,",Providencia,13123,Metropolitana,-33.442559,-70.599721,Privada,,Semanal · Lunes - Viernes: 10:00 a 19:00 hrs. · Sábado: 10:00 a 14:00 hrs. · Domingo: Cerrado,2026-08
h10301,Farmazon,Independiente,independiente,farmacia,"Huelén 15,",Providencia,13123,Metropolitana,-33.431296,-70.623432,Privada,,Semanal · Lunes - Viernes: 10:00 a 18:00 hrs. · Sábado: 10:00 a 15:00 hrs. · Domingo: Cerrado,2026-08
h1497,FARS FARMACIA MEDICUS,Independiente,independiente,farmacia,"Avenida Antonio Varas 303,",Providencia,13123,Metropolitana,-33.43058,-70.617016,Privada,,Semanal · Lunes - Viernes: 08:00 a 16:30 hrs. · Sábado y Domingo: Cerrado,2026-08
h6428,FRACCION,Independiente,independiente,farmacia,"Antonio Bellet 302,",Providencia,13123,Metropolitana,-33.424921,-70.618947,Privada,,Semanal · Lunes - Viernes: 09:00 a 20:00 hrs. · Sábado: 10:00 a 18:00 hrs. · Domingo: Cerrado,2026-08
h4025,FUNDACION DIABETES JUVENIL,Independiente,independiente,farmacia,"Lota 2344,",Providencia,13123,Metropolitana,-33.423309,-70.605622,Privada,,Semanal · Lunes - Viernes: 10:00 a 19:00 hrs. · Sábado: 10:00 a 13:00 hrs. · Domingo: Cerrado,2026-08
h1348,GALENICA,Independiente,independiente,farmacia,"Irarrazaval 2661,",Ñuñoa,13120,Metropolitana,-33.454268,-70.603648,Privada,,Semanal · Lunes - Viernes: 09:00 a 21:00 hrs. · Sábado: 10:00 a 14:00 hrs. · Domingo: Cerrado,2026-08
h4103,GALENICA,Independiente,independiente,farmacia,"Providencia 2592,",Providencia,13123,Metropolitana,-33.418563,-70.603197,Privada,,Semanal · Lunes - Viernes: 09:00 a 19:30 hrs. · Sábado y Domingo: Cerrado,2026-08
h1457,GALFARMA,Independiente,independiente,farmacia,"Salvador 149,",Providencia,13123,Metropolitana,-33.435254,-70.625985,Privada,,Semanal · Lunes - Viernes: 08:00 a 21:00 hrs. · Sábado: 09:00 a 14:00 hrs. · Domingo: Cerrado,2026-08
h13217,GCU,Independiente,independiente,farmacia,"Avenida Grecia 3348,",Ñuñoa,13120,Metropolitana,-33.464383,-70.595001,Privada,,Semanal · Lunes - Viernes: 10:00 a 19:00 hrs. · Sábado: 10:00 a 15:00 hrs. · Domingo: Cerrado,2026-08
h8112,GO FARM!,Independiente,independiente,farmacia,"Santa Isabel 1292,",Providencia,13123,Metropolitana,-33.446695,-70.614205,Privada,,Semanal · Sábado y Domingo: Cerrado,2026-08
h7332,GOFARM!,Independiente,independiente,farmacia,"Crecente Errázuriz N° 1785,",Ñuñoa,13120,Metropolitana,-33.458135,-70.613025,Privada,,Semanal · Lunes - Domingo: 07:00 a 21:00 hrs. · Festivos: 07:00 a 21:00 hrs.,2026-08
h9459,GrupFarma,Independiente,independiente,farmacia,"Irarrázaval 4395,",Ñuñoa,13120,Metropolitana,-33.459514,-70.597876,Privada,,Semanal · Lunes - Viernes: 09:00 a 19:00 hrs. · Sábado: 10:00 a 18:00 hrs. · Domingo: Cerrado,2026-08
h4868,HAHNEMANN,Independiente,independiente,farmacia,"Avenida Providencia 2195, Local 5,",Providencia,13123,Metropolitana,-33.456936,-70.64828,Privada,,Semanal · Lunes - Viernes: 10:00 a 19:00 hrs. · Sábado: 10:00 a 14:30 hrs. · Domingo: Cerrado,2026-08
h9246,HAHNNEMAN,Independiente,independiente,farmacia,"Avenida Apoquindo 6210,",Providencia,13123,Metropolitana,-33.408228,-70.566376,Privada,,Semanal · Lunes - Viernes: 10:00 a 19:00 hrs. · Sábado: 10:00 a 14:30 hrs. · Domingo: Cerrado,2026-08
h12026,Home,Independiente,independiente,farmacia,"Calle Exequiel Fernández 2000,",Ñuñoa,13120,Metropolitana,-33.473404,-70.601073,Privada,,Semanal · Lunes - Sábado: 11:00 a 21:00 hrs. · Domingo: Cerrado,2026-08
h6675,Hometest,Independiente,independiente,farmacia,"Calle Exequiel Fernandez 175,",Ñuñoa,13120,Metropolitana,-33.45588,-70.600065,Privada,,Semanal · Lunes - Viernes: 09:00 a 18:00 hrs. · Sábado: 09:00 a 14:00 hrs. · Domingo: Cerrado,2026-08
h1484,INGLESA,Independiente,independiente,farmacia,"Luis Thayer Ojeda 157,",Providencia,13123,Metropolitana,-33.419906,-70.602232,Privada,,Semanal · Lunes - Viernes: 09:30 a 19:30 hrs. · Sábado y Domingo: Cerrado,2026-08
h1349,INSTITUCIONAL,Independiente,independiente,farmacia,"Brown Norte 235. Pdi,",Ñuñoa,13120,Metropolitana,-33.453248,-70.59176,Privada,,Semanal · Lunes - Domingo: 08:30 a 21:30 hrs. · Festivos: 08:30 a 21:30 hrs.,2026-08
h7343,INTEGRAL,Independiente,independiente,farmacia,"Avenida Irarrázaval 660, Local 5,",Ñuñoa,13120,Metropolitana,-33.452747,-70.623689,Privada,,Semanal · Lunes - Viernes: 09:30 a 19:30 hrs. · Sábado: 10:00 a 15:00 hrs. · Domingo: Cerrado,2026-08
h12894,Jesús del Gran Poder,Independiente,independiente,farmacia,"Avenida Bellavista 018,",Providencia,13123,Metropolitana,-33.434645,-70.635405,Privada,,Semanal · Lunes - Sábado: 10:00 a 14:00 y 16:00 a 20:00 hrs. · Domingo: Cerrado,2026-08
h7903,Jesús del Gran Poder,Independiente,independiente,farmacia,"Bellavista N°018,",Providencia,13123,Metropolitana,-33.434412,-70.635405,Privada,,Semanal · Lunes - Viernes: 10:00 a 14:00 y 16:00 a 20:00 hrs. · Sábado: 00:00 a 14:00 y 16:00 a 20:00 hrs. · Domingo: Cerrado,2026-08
h4432,KNOP,Knop,cadena,farmacia,"Avenida Providencia 2580, L-018,",Providencia,13123,Metropolitana,-33.418778,-70.603112,Privada,,Semanal · Sábado y Domingo: Cerrado,2026-08
h7111,KNOP,Knop,cadena,farmacia,"Irrarazaval 2810,",Ñuñoa,13120,Metropolitana,-33.454376,-70.601824,Privada,,Semanal · Lunes - Viernes: 10:00 a 19:00 hrs. · Sábado: 10:00 a 15:00 hrs. · Domingo: Cerrado,2026-08
h7113,KNOP,Knop,cadena,farmacia,"Av. Nueva Providencia 2176,",Providencia,13123,Metropolitana,-33.422718,-70.609763,Privada,,Semanal · Lunes - Viernes: 10:00 a 19:00 hrs. · Sábado: 10:00 a 15:00 hrs. · Domingo: Cerrado,2026-08
h7122,KNOP,Knop,cadena,farmacia,"Providencia 2242,",Providencia,13123,Metropolitana,-33.421214,-70.609055,Privada,,Semanal · Lunes - Viernes: 10:00 a 19:00 hrs. · Sábado: 10:00 a 15:00 hrs. · Domingo: Cerrado,2026-08
h7099,KNOP,Knop,cadena,farmacia,"Providencia 2031,",Providencia,13123,Metropolitana,-33.42125,-70.609034,Privada,,Semanal · Lunes - Domingo: 00:00 a 00:00 hrs. · Festivos: 00:00 a 00:00 hrs.,2026-08
h7126,KNOP,Knop,cadena,farmacia,"Irrarazaval 5674 Local 3,",Ñuñoa,13120,Metropolitana,-33.453302,-70.571783,Privada,,Semanal · Lunes - Viernes: 10:00 a 19:00 hrs. · Sábado: 10:00 a 15:00 hrs. · Domingo: Cerrado,2026-08
h7106,KNOP,Knop,cadena,farmacia,"Irrarazaval 2546,",Ñuñoa,13120,Metropolitana,-33.453964,-70.604571,Privada,,Semanal · Sábado y Domingo: Cerrado,2026-08
h7108,KNOP,Knop,cadena,farmacia,"Providencia 1333,",Providencia,13123,Metropolitana,-33.428377,-70.619591,Privada,,Semanal · Lunes - Viernes: 09:30 a 19:30 hrs. · Sábado: 09:30 a 14:00 hrs. · Domingo: Cerrado,2026-08
h5071,LA BOTICA ITALIA,Independiente,independiente,farmacia,"Avenida Santa Isabel 0301,",Providencia,13123,Metropolitana,-33.446856,-70.627209,Privada,,Semanal · Lunes - Viernes: 08:00 a 21:00 hrs. · Sábado - Domingo: 10:00 a 18:00 hrs. · Festivos: 10:00 a 18:00 hrs.,2026-08
h9235,LA BOTIKA,Independiente,independiente,farmacia,"Avenida Presidente José Batlle Y Ordóñez 3933 Local 2,",Ñuñoa,13120,Metropolitana,-33.450258,-70.588241,Privada,,Semanal · Lunes - Sábado: 10:00 a 14:00 y 17:00 a 21:00 hrs. · Domingo: Cerrado,2026-08
h7402,LA FARMA,Independiente,independiente,farmacia,"Avenida Providencia 1753, Local I,",Providencia,13123,Metropolitana,-33.426228,-70.614763,Privada,,Semanal · Lunes - Sábado: 10:00 a 21:00 hrs. · Domingo: 10:00 a 20:00 hrs.,2026-08
h6986,LA REBAJA,La Rebaja,independiente,farmacia,"Avenida Irarrazaval 3443,",Ñuñoa,13120,Metropolitana,-33.455647,-70.595151,Privada,,Semanal · Lunes - Sábado: 09:00 a 21:00 hrs. · Domingo: 11:00 a 19:00 hrs. · Festivos: 11:00 a 19:00 hrs.,2026-08
h9106,La Rebaja,La Rebaja,independiente,farmacia,"Simón Bolívar 2137,",Ñuñoa,13120,Metropolitana,-33.451064,-70.60912,Privada,,Semanal · Lunes - Sábado: 09:00 a 21:00 hrs. · Domingo: Cerrado,2026-08
h977,LA REBAJA,La Rebaja,independiente,farmacia,"Irrarazaval 4971 L-6,",Ñuñoa,13120,Metropolitana,-33.454537,-70.577813,Privada,,Semanal · Lunes - Viernes: 10:00 a 13:00 y 15:00 a 21:00 hrs. · Sábado: 10:00 a 15:00 hrs. · Domingo: Cerrado,2026-08
h6460,LA REBAJA,La Rebaja,independiente,farmacia,"Avenida Providencia N° 2153,",Providencia,13123,Metropolitana,-33.421268,-70.609077,Privada,,Semanal · Lunes - Sábado: 09:00 a 14:00 y 16:00 a 21:00 hrs. · Domingo: Cerrado,2026-08
h6542,LA REBAJA,La Rebaja,independiente,farmacia,"Avenida Nueva Providencia N° 2566,",Providencia,13123,Metropolitana,-33.417632,-70.603798,Privada,,Semanal · Lunes - Sábado: 10:00 a 21:00 hrs. · Domingo: Cerrado,2026-08
h6464,LA REBAJA,La Rebaja,independiente,farmacia,"Avenida Providencia N° 1090,",Providencia,13123,Metropolitana,-33.429917,-70.622702,Privada,,Semanal · Lunes - Viernes: 09:00 a 21:00 hrs. · Sábado: 09:00 a 20:00 hrs. · Domingo: Cerrado,2026-08
h9148,La Rebaja,La Rebaja,independiente,farmacia,"Avenida Vicuña Mackenna 660,",Ñuñoa,13120,Metropolitana,-33.450097,-70.630813,Privada,,Semanal · Lunes - Sábado: 09:00 a 21:00 hrs. · Domingo: Cerrado,2026-08
h12143,LATINOAMERICANA,Independiente,independiente,farmacia,"Avenida Irarrázaval 2300,",Ñuñoa,13120,Metropolitana,-33.453606,-70.606952,Privada,,Semanal · Lunes - Viernes: 10:00 a 18:00 hrs. · Sábado: 10:00 a 14:00 hrs. · Domingo: Cerrado,2026-08
h4280,LATINOAMERICANA,Independiente,independiente,farmacia,"Pedro De Valdivia 3584,",Ñuñoa,13120,Metropolitana,-33.455504,-70.605129,Privada,,Semanal · Lunes - Viernes: 09:00 a 19:30 hrs. · Sábado: 09:00 a 14:00 hrs. · Domingo: Cerrado,2026-08
h7908,LATINOAMERICANA,Independiente,independiente,farmacia,"Avenida Irarrazaval 3064,",Ñuñoa,13120,Metropolitana,-33.454555,-70.599078,Privada,,Semanal · Lunes - Viernes: 09:00 a 20:00 hrs. · Sábado: 10:00 a 15:00 hrs. · Domingo: Cerrado,2026-08
h4430,LEMBACH,Independiente,independiente,farmacia,"Avenida Manuel Montt 536,",Providencia,13123,Metropolitana,-33.433159,-70.617445,Privada,,Semanal · Lunes - Viernes: 09:00 a 21:00 hrs. · Sábado y Domingo: Cerrado,2026-08
h1485,LIDO,Independiente,independiente,farmacia,"Eliodoro Yañez 2865,",Providencia,13123,Metropolitana,-33.428037,-70.593885,Privada,,Semanal · Lunes - Domingo: 08:30 a 21:30 hrs. · Festivos: 08:30 a 21:30 hrs.,2026-08
h9529,LIFEPHARMACY,Independiente,independiente,farmacia,"Avenida Providencia 2676, Local 108,",Providencia,13123,Metropolitana,-33.41842,-70.60206,Privada,,Semanal · Lunes - Viernes: 09:00 a 18:00 hrs. · Sábado: 10:30 a 14:30 hrs. · Domingo: Cerrado,2026-08
h6996,LIGA CHILENA CONTRA LA EPILEPSIA,Otra,otra,farmacia,"Avenida Providencia N° 2411, Local 17,",Providencia,13123,Metropolitana,-33.419763,-70.605579,Privada,,Semanal · Lunes - Viernes: 09:30 a 19:00 hrs. · Sábado: 10:00 a 14:00 hrs. · Domingo: Cerrado,2026-08
h4235,LINCE,Independiente,independiente,farmacia,"Condell 679. Local103-104,",Providencia,13123,Metropolitana,-33.441575,-70.627423,Privada,,Semanal · Lunes - Viernes: 09:00 a 18:00 hrs. · Sábado - Domingo: 00:00 a 00:00 hrs. · Festivos: 00:00 a 00:00 hrs.,2026-08
h5893,LO OSSA,Independiente,independiente,farmacia,"Alcalde Eduardo Castillo Velasco N° 5474,",Ñuñoa,13120,Metropolitana,-33.462038,-70.574809,Privada,,Semanal · Lunes - Viernes: 10:00 a 19:00 hrs. · Sábado: 10:00 a 16:00 hrs. · Domingo: Cerrado,2026-08
h4434,LOS ORIENTALES,Independiente,independiente,farmacia,"Avenida Irarrazabal 4818,",Ñuñoa,13120,Metropolitana,-33.454448,-70.580045,Privada,,Semanal · Lunes - Domingo: 00:00 a 00:00 hrs. · Festivos: 00:00 a 00:00 hrs.,2026-08
h11025,Lyon,Independiente,independiente,farmacia,"Avenida Ricardo Lyon 401,",Providencia,13123,Metropolitana,-33.42553,-70.608669,Privada,,Semanal · Lunes - Viernes: 10:00 a 20:00 hrs. · Sábado y Domingo: Cerrado,2026-08
h10250,MAICAO,Maicao,cadena,perfumeria,"Avenida Providencia 1303,",Providencia,13123,Metropolitana,-33.428915,-70.620149,Privada,,Semanal · Lunes: 09:30 a 18:30 hrs. · Martes - Jueves: 11:00 a 19:00 hrs. · Viernes: 09:30 a 18:30 hrs. · Sábado y Domingo: Cerrado,2026-08
h7649,MAICAO,Maicao,cadena,perfumeria,"Avenida Providencia 1936,",Providencia,13123,Metropolitana,-33.42399,-70.613519,Privada,,Semanal · Lunes: 10:00 a 19:00 hrs. · Martes - Jueves: 10:00 a 18:00 hrs. · Viernes: 10:00 a 19:00 hrs. · Sábado y Domingo: Cerrado,2026-08
h9725,MAICAO,Maicao,cadena,perfumeria,"Avenida Irarrazaval 2771,",Ñuñoa,13120,Metropolitana,-33.454537,-70.602425,Privada,,Semanal · Lunes: 10:00 a 19:00 hrs. · Martes - Jueves: 10:00 a 18:00 hrs. · Viernes: 10:00 a 19:00 hrs. · Sábado y Domingo: Cerrado,2026-08
h10902,Manquel,Independiente,independiente,farmacia,"Avenida Nueva Providencia 1365,",Providencia,13123,Metropolitana,-33.429201,-70.618668,Privada,,Semanal · Lunes - Viernes: 08:00 a 22:00 hrs. · Sábado: 09:00 a 20:00 hrs. · Domingo: Cerrado,2026-08
h3100,MANRIQUEZ,Independiente,independiente,farmacia,"Avenida Vicuña Mackenna 298,",Providencia,13123,Metropolitana,-33.445156,-70.632573,Privada,,Semanal · Lunes - Sábado: 10:00 a 20:00 hrs. · Domingo: Cerrado,2026-08
h5325,Manríquez,Independiente,independiente,farmacia,"Manuel Montt 435, Local 104,",Providencia,13123,Metropolitana,-33.432353,-70.618175,Privada,,Semanal · Lunes - Sábado: 10:00 a 20:00 hrs. · Domingo: Cerrado,2026-08
h7390,MAS AHORRO,Independiente,independiente,farmacia,"Manuel Montt 1077 L-4,",Providencia,13123,Metropolitana,-33.437796,-70.616029,Privada,,Semanal · Lunes - Viernes: 10:00 a 19:00 hrs. · Sábado: 10:00 a 14:00 hrs. · Domingo: Cerrado,2026-08
h8040,MAXIPHARMA,Independiente,independiente,farmacia,"Irarrazaval 2087,",Ñuñoa,13120,Metropolitana,-33.453857,-70.609356,Privada,,Semanal · Sábado y Domingo: Cerrado,2026-08
h5314,MEDFARMA,Independiente,independiente,farmacia,"Avenida Providencia 1037,",Providencia,13123,Metropolitana,-33.430705,-70.622874,Privada,,Semanal · Lunes - Viernes: 09:00 a 18:00 hrs. · Sábado y Domingo: Cerrado,2026-08
h8143,MEDICAR,Independiente,independiente,farmacia,"Avenida Eliodoro Yáñez 1103,",Providencia,13123,Metropolitana,-33.433821,-70.619419,Privada,,Semanal · Lunes - Viernes: 11:00 a 20:00 hrs. · Sábado: 10:00 a 14:00 hrs. · Domingo: Cerrado,2026-08
h1486,MIIFARMACIA,Independiente,independiente,farmacia,"Avenida Manuel Montt N° 1556, Local B,",Providencia,13123,Metropolitana,-33.442004,-70.614849,Privada,,Semanal · Lunes - Viernes: 09:00 a 13:00 y 13:30 a 18:30 hrs. · Sábado y Domingo: Cerrado,2026-08
h9632,MILE,Independiente,independiente,farmacia,"Avenida Santa Isabel 0217,",Providencia,13123,Metropolitana,-33.446856,-70.628346,Privada,,Semanal · Lunes - Sábado: 10:00 a 19:00 hrs. · Domingo: Cerrado,2026-08
h6485,MONTES,Independiente,independiente,farmacia,"Avenida Seminario 505,",Providencia,13123,Metropolitana,-33.447018,-70.628689,Privada,,Semanal · Lunes - Viernes: 10:00 a 17:00 hrs. · Sábado: 14:00 a 18:00 hrs. · Domingo: Cerrado,2026-08
h9400,Morapharma Farmacias,Independiente,independiente,farmacia,"Avenida Irarrazaval 3200,",Ñuñoa,13120,Metropolitana,-33.454734,-70.597618,Privada,,Semanal · Lunes - Viernes: 07:30 a 20:00 hrs. · Sábado: 10:00 a 19:00 hrs. · Domingo: Cerrado,2026-08
h12731,Nacional,Independiente,independiente,farmacia,"Avenida Vicuña Mackenna 848,",Ñuñoa,13120,Metropolitana,-33.452639,-70.63047,Privada,,Semanal · Lunes - Viernes: 11:00 a 19:00 hrs. · Sábado: 10:00 a 14:00 hrs. · Domingo: Cerrado,2026-08
h9536,Novasalud.com,Independiente,independiente,farmacia,"Las Urbinas 59,",Providencia,13123,Metropolitana,-33.42227,-70.611802,Privada,,Semanal · Lunes - Viernes: 09:00 a 14:30 y 15:00 a 18:00 hrs. · Sábado: 09:00 a 14:00 hrs. · Domingo: Cerrado,2026-08
h7732,NUEVA FARMACIA,Independiente,independiente,farmacia,"Manuel Montt N°267,",Providencia,13123,Metropolitana,-33.430902,-70.61899,Privada,,Semanal · Sábado y Domingo: Cerrado,2026-08
h7695,OBELISCO,Independiente,independiente,farmacia,"Manuel Montt 686 L-2,",Providencia,13123,Metropolitana,-33.434358,-70.616608,Privada,,Semanal · Lunes - Viernes: 10:00 a 19:00 hrs. · Sábado: 10:00 a 15:00 hrs. · Domingo: Cerrado,2026-08
h6922,OCHOA,Independiente,independiente,farmacia,"Avenida Pedro De Valdivia 3598,",Ñuñoa,13120,Metropolitana,-33.45554,-70.605,Privada,,Semanal · Lunes - Viernes: 10:00 a 18:00 hrs. · Sábado: 10:00 a 14:00 hrs. · Domingo: Cerrado,2026-08
h6157,OFTÁLMIKA,Independiente,independiente,farmacia,"Av. Los Leones 419,",Providencia,13123,Metropolitana,-33.423524,-70.604657,Privada,,Semanal · Lunes - Viernes: 10:00 a 19:00 hrs. · Sábado y Domingo: Cerrado,2026-08
h7375,OLIVEROS,Independiente,independiente,farmacia,"Francisco Bilbao 1941 Local 3,",Providencia,13123,Metropolitana,-33.438638,-70.608712,Privada,,Semanal · Lunes - Domingo: 10:00 a 14:00 y 17:00 a 21:00 hrs.,2026-08
h6983,OPENFARMA,Independiente,independiente,farmacia,"Las Bellotas 292,",Providencia,13123,Metropolitana,-33.422682,-70.607189,Privada,,Semanal · Lunes - Viernes: 09:00 a 18:00 hrs. · Sábado y Domingo: Cerrado,2026-08
h9465,OXFAR,Independiente,independiente,farmacia,"Antonio Bellet 147, Local 103,",Providencia,13123,Metropolitana,-33.425942,-70.617553,Privada,,Semanal · Lunes - Viernes: 09:30 a 19:30 hrs. · Sábado y Domingo: Cerrado,2026-08
h1351,PHARMA 93,Independiente,independiente,farmacia,"Exequiel Fernandez 93,",Ñuñoa,13120,Metropolitana,-33.455522,-70.599678,Privada,,Semanal · Lunes - Viernes: 09:00 a 20:00 hrs. · Sábado y Domingo: Cerrado,2026-08
h1493,PHARMA 93,Independiente,independiente,farmacia,"Coyancura 2221,",Providencia,13123,Metropolitana,-33.423721,-70.608712,Privada,,Semanal · Lunes - Viernes: 09:30 a 20:00 hrs. · Sábado: 10:00 a 14:00 hrs. · Domingo: Cerrado,2026-08
h7739,PHARMED,Independiente,independiente,farmacia,"Pedro De Valdivia 2272, Local 102,",Providencia,13123,Metropolitana,-33.443258,-70.606244,Privada,,Semanal · Lunes - Viernes: 09:00 a 21:00 hrs. · Sábado - Domingo: 10:00 a 20:00 hrs. · Festivos: 10:00 a 20:00 hrs.,2026-08
h12882,POCURO,Independiente,independiente,farmacia,"Calle Regimiento Cazadores 1192,",Providencia,13123,Metropolitana,-33.437295,-70.611416,Privada,,Semanal · Lunes - Viernes: 10:00 a 19:00 hrs. · Sábado: 10:00 a 16:00 hrs. · Domingo: Cerrado,2026-08
h4229,PROFAR,Independiente,independiente,farmacia,"Perez Valenzuela 1077,",Providencia,13123,Metropolitana,-33.428753,-70.623174,Privada,,Semanal · Lunes - Martes: 08:45 a 18:30 hrs. · Miércoles: 08:45 a 20:00 hrs. · Jueves - Viernes: 08:45 a 18:30 hrs. · Sábado y Domingo: Cerrado,2026-08
h4318,PUCÓN,Independiente,independiente,farmacia,"Avenida Irarrazaval N°765,",Ñuñoa,13120,Metropolitana,-33.453534,-70.623089,Privada,,Semanal · Lunes - Sábado: 10:00 a 18:00 hrs. · Domingo: Cerrado,2026-08
h9287,PUNTO FARMA,Independiente,independiente,farmacia,"Román Díaz 2217, Local 1,",Ñuñoa,13120,Metropolitana,-33.45144,-70.616759,Privada,,Semanal · Lunes - Viernes: 09:00 a 19:00 hrs. · Sábado: 09:00 a 14:00 hrs. · Domingo: Cerrado,2026-08
h1352,R Y C,Independiente,independiente,farmacia,"Ignacio Carrera Pinto 3777,",Ñuñoa,13120,Metropolitana,-33.470505,-70.591245,Privada,,Semanal · Lunes - Viernes: 10:00 a 14:00 y 17:00 a 20:00 hrs. · Sábado: 10:00 a 14:00 y 17:00 a 19:00 hrs. · Domingo: Cerrado,2026-08
h5091,R&M FARMACIAS,Independiente,independiente,farmacia,"Avenida Irarrazaval 1302,",Ñuñoa,13120,Metropolitana,-33.452908,-70.61751,Privada,,Semanal · Lunes - Viernes: 09:30 a 19:30 hrs. · Sábado y Domingo: Cerrado,2026-08
h6113,RADANET,Independiente,independiente,farmacia,"General José Artigas 3001, Local 3,",Ñuñoa,13120,Metropolitana,-33.446319,-70.599099,Privada,,Semanal · Lunes - Viernes: 09:30 a 14:00 y 15:00 a 19:30 hrs. · Sábado: 09:30 a 14:00 hrs. · Domingo: Cerrado,2026-08
h1325,REAL,Independiente,independiente,farmacia,"Simon Bolivar 3751,",Ñuñoa,13120,Metropolitana,-33.448665,-70.591546,Privada,,Semanal · Lunes - Sábado: 10:00 a 13:00 y 16:00 a 20:00 hrs. · Domingo: Cerrado,2026-08
h1354,REDOXX,Independiente,independiente,farmacia,"Obispo Orrego 1015,",Ñuñoa,13120,Metropolitana,-33.462933,-70.620192,Privada,,Semanal · Lunes - Viernes: 10:00 a 13:00 y 14:00 a 20:00 hrs. · Sábado: 10:00 a 16:00 hrs. · Domingo: Cerrado,2026-08
h12181,Redoxx,Independiente,independiente,farmacia,"Calle Zañartu 2540,",Ñuñoa,13120,Metropolitana,-33.472008,-70.605944,Privada,,Semanal · Lunes - Sábado: 10:00 a 20:00 hrs. · Domingo: Cerrado,2026-08
h9985,Redoxx,Independiente,independiente,farmacia,"Avenida Presidente José Batlle Y Ordóñez 4502,",Ñuñoa,13120,Metropolitana,-33.452299,-70.583649,Privada,,Semanal · Lunes - Viernes: 10:00 a 19:00 hrs. · Sábado: 10:00 a 14:00 hrs. · Domingo: Cerrado,2026-08
h1489,REDSANA,Independiente,independiente,farmacia,"Av. Salvador 149. Interior Edificio Galeno,",Providencia,13123,Metropolitana,-33.435558,-70.626007,Privada,,Semanal · Lunes: 08:30 a 13:00 y 14:00 a 19:00 hrs. · Martes: 09:00 a 13:00 y 14:00 a 19:00 hrs. · Miércoles - Viernes: 08:30 a 13:00 y 14:00 a 19:00 hrs. · Sábado y Domingo: Cerrado,2026-08
h1482,RPFARMA,Independiente,independiente,farmacia,"Providencia 1438,",Providencia,13123,Metropolitana,-33.427876,-70.618132,Privada,,Semanal · Lunes - Viernes: 09:00 a 21:00 hrs. · Sábado: 10:00 a 15:00 hrs. · Domingo: Cerrado,2026-08
h1502,SALCOBRAND,Salcobrand,cadena,farmacia,"Providencia 2295,",Providencia,13123,Metropolitana,-33.420784,-70.608154,Privada,,Semanal · Lunes - Viernes: 09:00 a 21:00 hrs. · Sábado y Domingo: Cerrado,2026-08
h1435,SALCOBRAND,Salcobrand,cadena,farmacia,"Avenida Los Leomes 1185,",Providencia,13123,Metropolitana,-33.430276,-70.603004,Privada,,Semanal · Lunes - Viernes: 08:30 a 21:00 hrs. · Sábado - Domingo: 09:00 a 21:00 hrs. · Festivos: 09:00 a 21:00 hrs.,2026-08
h1301,SALCOBRAND,Salcobrand,cadena,farmacia,"Avenida Antonio Varas 2108,",Ñuñoa,13120,Metropolitana,-33.446588,-70.610836,Privada,,Semanal · Lunes - Sábado: 09:00 a 21:00 hrs. · Domingo: 10:30 a 21:00 hrs. · Festivos: 10:30 a 21:00 hrs.,2026-08
h1503,SALCOBRAND,Salcobrand,cadena,farmacia,"Avenida Providencia 2593,",Providencia,13123,Metropolitana,-33.418742,-70.60279,Privada,,Semanal · Lunes - Viernes: 08:00 a 21:00 hrs. · Sábado: 09:00 a 18:00 hrs. · Domingo: Cerrado,2026-08
h6722,SALCOBRAND,Salcobrand,cadena,farmacia,"Av. Irarrazaval 2704, L-3,",Ñuñoa,13120,Metropolitana,-33.454072,-70.603176,Privada,,Semanal · Lunes - Viernes: 09:00 a 21:00 hrs. · Sábado: 10:00 a 18:00 hrs. · Domingo: Cerrado,2026-08
h12274,salcobrand,Salcobrand,cadena,farmacia,"Avenida Irarrazaval 2563,",Ñuñoa,13120,Metropolitana,-33.45443,-70.60427,Privada,,Semanal · Lunes - Sábado: 08:30 a 21:00 hrs. · Domingo: 09:00 a 20:00 hrs. · Festivos: 09:00 a 20:00 hrs.,2026-08
h12417,Salcobrand,Salcobrand,cadena,farmacia,"Avenida Andres Bello 1839,",Providencia,13123,Metropolitana,-33.423005,-70.617145,Privada,,Semanal · Lunes - Sábado: 09:00 a 21:00 hrs. · Domingo: 10:00 a 20:00 hrs. · Festivos: 10:00 a 20:00 hrs.,2026-08
h1302,SALCOBRAND,Salcobrand,cadena,farmacia,"Campo De Deporte 180,",Ñuñoa,13120,Metropolitana,-33.455182,-70.60912,Privada,,Semanal · Lunes - Domingo: 09:00 a 22:00 hrs. · Festivos: 09:00 a 22:00 hrs.,2026-08
h4273,SALCOBRAND,Salcobrand,cadena,farmacia,"Providencia 2315,",Providencia,13123,Metropolitana,-33.420587,-70.607811,Privada,,Semanal · Lunes - Viernes: 08:30 a 21:00 hrs. · Sábado: 09:00 a 15:00 hrs. · Domingo: Cerrado,2026-08
h1504,SALCOBRAND,Salcobrand,cadena,farmacia,"Ricardo Lyon 1848,",Providencia,13123,Metropolitana,-33.437814,-70.603777,Privada,,Semanal · Lunes - Viernes: 08:30 a 23:00 hrs. · Sábado - Domingo: 09:00 a 22:00 hrs. · Festivos: 09:00 a 23:00 hrs.,2026-08
h1303,SALCOBRAND,Salcobrand,cadena,farmacia,"Chile -españa 597,",Ñuñoa,13120,Metropolitana,-33.44947,-70.597876,Privada,,Semanal · Lunes - Sábado: 08:00 a 22:30 hrs. · Domingo: 09:00 a 22:00 hrs. · Festivos: 09:00 a 22:00 hrs.,2026-08
h1505,SALCOBRAND,Salcobrand,cadena,farmacia,"Salvador 115,",Providencia,13123,Metropolitana,-33.434878,-70.626136,Privada,,Semanal · Lunes - Viernes: 08:30 a 20:00 hrs. · Sábado: 09:00 a 14:00 hrs. · Domingo: Cerrado,2026-08
h5800,SALCOBRAND,Salcobrand,cadena,farmacia,"Avenida Providencia 2006, Local 3 ,",Providencia,13123,Metropolitana,-33.423381,-70.612489,Privada,,Semanal · Lunes - Sábado: 09:00 a 21:00 hrs. · Domingo: Cerrado,2026-08
h1305,SALCOBRAND,Salcobrand,cadena,farmacia,"Irarrazaval 2305. Megasalud ñuñoa,",Ñuñoa,13120,Metropolitana,-33.453928,-70.60721,Privada,,Semanal · Lunes - Viernes: 09:00 a 19:00 hrs. · Sábado: 09:00 a 12:30 hrs. · Domingo: Cerrado,2026-08
h1308,SALCOBRAND,Salcobrand,cadena,farmacia,"Irarrazaval 4123,",Ñuñoa,13120,Metropolitana,-33.45545,-70.586954,Privada,,Semanal · Lunes - Domingo: 08:30 a 21:30 hrs. · Festivos: 08:30 a 21:30 hrs.,2026-08
h10015,Salcobrand,Salcobrand,cadena,farmacia,"Avenida Nueva Providencia 1919,",Providencia,13123,Metropolitana,-33.425584,-70.613325,Privada,,Semanal · Sábado y Domingo: Cerrado,2026-08
h1309,SALCOBRAND,Salcobrand,cadena,farmacia,"Jose Domingo Cañas 1701,",Ñuñoa,13120,Metropolitana,-33.456274,-70.613905,Privada,,Semanal · Lunes - Sábado: 09:00 a 22:00 hrs. · Domingo: 10:30 a 22:00 hrs. · Festivos: 10:30 a 22:00 hrs.,2026-08
h10016,Salcobrand,Salcobrand,cadena,farmacia,"Avenida Nueva Providencia 1919,",Providencia,13123,Metropolitana,-33.425584,-70.613325,Privada,,Semanal · Lunes - Viernes: 08:30 a 21:00 hrs. · Sábado: 09:00 a 19:00 hrs. · Domingo: Cerrado,2026-08
h10100,Salcobrand,Salcobrand,cadena,farmacia,"Avenida Andres Bello 2447,",Providencia,13123,Metropolitana,-33.417811,-70.607811,Privada,,Semanal · Lunes - Domingo: 09:00 a 21:00 hrs. · Festivos: 09:00 a 21:00 hrs.,2026-08
h11697,Salcobrand,Salcobrand,cadena,farmacia,"Avenida Providencia 2629,",Providencia,13123,Metropolitana,-33.418778,-70.602275,Privada,,Semanal · Lunes - Viernes: 08:30 a 21:00 hrs. · Sábado: 09:00 a 21:00 hrs. · Domingo: 10:00 a 20:00 hrs. · Festivos: 10:00 a 20:00 hrs.,2026-08
h11895,Salcobrand,Salcobrand,cadena,farmacia,"Avenida Pedro De Valdivia 1833,",Providencia,13123,Metropolitana,-33.439677,-70.607446,Privada,,Semanal · Lunes - Domingo: 08:00 a 21:00 hrs. · Festivos: 08:00 a 21:00 hrs.,2026-08
h1355,SALCOBRAND,Salcobrand,cadena,farmacia,"Matta Oriente 301,",Ñuñoa,13120,Metropolitana,-33.45477,-70.62753,Privada,,Semanal · Lunes - Sábado: 09:00 a 22:30 hrs. · Domingo: 09:00 a 22:00 hrs. · Festivos: 09:00 a 22:00 hrs.,2026-08
h4468,SALCOBRAND,Salcobrand,cadena,farmacia,"Hamburgo 671 Local 1,",Ñuñoa,13120,Metropolitana,-33.448271,-70.576697,Privada,,Semanal · Lunes - Domingo: 09:00 a 22:00 hrs. · Festivos: 09:00 a 22:00 hrs.,2026-08
h4532,SALCOBRAND,Salcobrand,cadena,farmacia,"Av. Tobalaba 5151. Local105,",Ñuñoa,13120,Metropolitana,-33.436561,-70.577534,Privada,,Semanal · Lunes - Domingo: 09:00 a 22:00 hrs. · Festivos: 09:00 a 22:00 hrs.,2026-08
h6704,SALCOBRAND,Salcobrand,cadena,farmacia,"Avenida Providencia 2128, Local 3 Y 2132, Local 2,",Providencia,13123,Metropolitana,-33.422199,-70.611115,Privada,,Semanal · Lunes - Viernes: 08:30 a 21:00 hrs. · Sábado: 10:00 a 19:00 hrs. · Domingo: Cerrado,2026-08
h5536,SALCOBRAND,Salcobrand,cadena,farmacia,"Diagonal Rancagua 910, Local 4 Y 5,",Providencia,13123,Metropolitana,-33.456936,-70.64828,Privada,,Semanal · Lunes - Viernes: 09:00 a 20:00 hrs. · Sábado - Domingo: 10:00 a 20:00 hrs. · Festivos: 10:00 a 20:00 hrs.,2026-08
h9770,Salcobrand,Salcobrand,cadena,farmacia,"Avenida Andrés Bello 2447,",Providencia,13123,Metropolitana,-33.417811,-70.607811,Privada,,Semanal · Lunes - Sábado: 08:00 a 21:00 hrs. · Domingo: 09:00 a 21:00 hrs. · Festivos: 09:00 a 21:00 hrs.,2026-08
h12350,Salcobrand,Salcobrand,cadena,farmacia,"Avenida Presidente José Batlle Y Ordoñez 3933,",Ñuñoa,13120,Metropolitana,-33.450276,-70.588263,Privada,,Semanal · Lunes - Domingo: 09:00 a 20:30 hrs. · Festivos: 09:00 a 20:30 hrs.,2026-08
h1358,SALCOBRAND,Salcobrand,cadena,farmacia,"Suecia 3071,",Ñuñoa,13120,Metropolitana,-33.448163,-70.600687,Privada,,Semanal · Lunes - Domingo: 08:30 a 22:00 hrs.,2026-08
h9456,Salcobrand,Salcobrand,cadena,farmacia,"Avenida Ricardo Lyon 111,",Providencia,13123,Metropolitana,-33.4227,-70.609527,Privada,,Semanal · Lunes - Viernes: 09:30 a 20:30 hrs. · Sábado: 10:00 a 20:00 hrs. · Domingo: 11:00 a 17:00 hrs. · Festivos: 10:00 a 20:00 hrs.,2026-08
h11766,SALCOBRAND,Salcobrand,cadena,farmacia,"Avenida Jose Pedro Alessandri 1166,",Ñuñoa,13120,Metropolitana,-33.465385,-70.598219,Privada,,Semanal · Lunes - Domingo: 09:00 a 21:00 hrs. · Festivos: 09:00 a 21:00 hrs.,2026-08
h5550,SALCOBRAND,Salcobrand,cadena,farmacia,"Avenida Luis Thayer Ojeda 0146, Local 2 ,",Providencia,13123,Metropolitana,-33.418868,-70.60279,Privada,,Semanal · Lunes - Domingo: 09:00 a 21:00 hrs.,2026-08
h1498,SALCOBRAND,Salcobrand,cadena,farmacia,"Avenida Providencia 1364,",Providencia,13123,Metropolitana,-33.428342,-70.619269,Privada,,Semanal · Lunes - Viernes: 08:30 a 21:00 hrs. · Sábado: 09:00 a 16:00 hrs. · Domingo: Cerrado,2026-08
h4105,SALCOBRAND,Salcobrand,cadena,farmacia,"Avenida Tobalaba 1375,",Providencia,13123,Metropolitana,-33.426479,-70.590902,Privada,,Semanal · Lunes - Viernes: 08:00 a 21:00 hrs. · Sábado: 10:00 a 19:00 hrs. · Domingo: Cerrado,2026-08
h1499,SALCOBRAND,Salcobrand,cadena,farmacia,"Providencia 1694,",Providencia,13123,Metropolitana,-33.426407,-70.615664,Privada,,Semanal · Lunes - Viernes: 08:30 a 21:00 hrs. · Sábado: 09:00 a 16:00 hrs. · Domingo: Cerrado,2026-08
h1501,SALCOBRAND,Salcobrand,cadena,farmacia,"Providencia 2203,",Providencia,13123,Metropolitana,-33.421787,-70.609785,Privada,,Semanal · Lunes - Viernes: 08:30 a 21:00 hrs. · Sábado: 09:00 a 16:00 hrs. · Domingo: Cerrado,2026-08
h1432,SALCOBRAND,Salcobrand,cadena,farmacia,"Nueva Providencia 1355,",Providencia,13123,Metropolitana,-33.429183,-70.618861,Privada,,Semanal · Lunes - Viernes: 08:00 a 21:00 hrs. · Sábado - Domingo: 10:00 a 20:00 hrs. · Festivos: 10:00 a 20:00 hrs.,2026-08
h6603,SALVADOR,Independiente,independiente,farmacia,"Avenida Providencia 727, Local 711,",Providencia,13123,Metropolitana,-33.432765,-70.625428,Privada,,Semanal · Lunes - Viernes: 09:00 a 20:00 hrs. · Sábado y Domingo: Cerrado · Festivos: 09:00 a 20:00 hrs.,2026-08
h5525,SANTA GEMITA,Independiente,independiente,farmacia,"Avenida Jose Pedro Alessandri 80 Y 84 ,",Ñuñoa,13120,Metropolitana,-33.455611,-70.59764,Privada,,Semanal · Lunes - Viernes: 09:30 a 13:00 y 15:00 a 20:00 hrs. · Sábado: 10:00 a 14:00 hrs. · Domingo: Cerrado,2026-08
h1356,SANTA GEMITA,Independiente,independiente,farmacia,"Irarrazaval 2993,",Ñuñoa,13120,Metropolitana,-33.454716,-70.599893,Privada,,Semanal · Lunes - Sábado: 09:00 a 20:30 hrs. · Domingo: Cerrado,2026-08
h1357,SANTA GEMITA,Independiente,independiente,farmacia,"Irarrazaval 3006,",Ñuñoa,13120,Metropolitana,-33.454752,-70.599871,Privada,,Semanal · Lunes - Viernes: 09:30 a 20:30 hrs. · Sábado: 10:00 a 15:00 hrs. · Domingo: 09:30 a 20:30 hrs. · Festivos: 09:30 a 20:30 hrs.,2026-08
h10946,SERMECOOP,Independiente,independiente,farmacia,"Avenida Pedro De Valdivia 195,",Providencia,13123,Metropolitana,-33.425405,-70.611802,Privada,,Semanal · Lunes - Jueves: 09:00 a 18:00 hrs. · Viernes: 09:00 a 17:00 hrs. · Sábado y Domingo: Cerrado,2026-08
h6723,Skol,Independiente,independiente,farmacia,"Avenida Irarrazaval 635,",Ñuñoa,13120,Metropolitana,-33.45289,-70.624054,Privada,,Semanal · Lunes - Sábado: 10:00 a 20:00 hrs. · Domingo: Cerrado,2026-08
h6839,SOLUFAR,Independiente,independiente,farmacia,"Huelen 15,",Providencia,13123,Metropolitana,-33.431046,-70.623432,Privada,,Semanal · Lunes - Viernes: 09:00 a 18:00 hrs. · Sábado: 10:00 a 15:00 hrs. · Domingo: Cerrado,2026-08
h8104,SUPERFARMA,Independiente,independiente,farmacia,"Avda. Los Libertadores 1614, L. A,",Ñuñoa,13120,Metropolitana,-33.668102,-71.03735,Privada,,Semanal · Sábado y Domingo: Cerrado,2026-08
h1494,TAJAMAR,Independiente,independiente,farmacia,"Avenida Manuel Montt N° 018, Local 9,",Providencia,13123,Metropolitana,-33.429022,-70.62002,Privada,,Semanal · Lunes - Viernes: 10:30 a 20:00 hrs. · Sábado y Domingo: Cerrado,2026-08
h11702,TOTAL PHARMA,Independiente,independiente,farmacia,"Avenida Antonio Varas 1323,",Providencia,13123,Metropolitana,-33.439354,-70.61384,Privada,,Semanal · Lunes - Viernes: 10:30 a 15:00 y 16:00 a 20:30 hrs. · Sábado y Domingo: Cerrado,2026-08
h5565,TU FARMACIAONLINE,Independiente,independiente,farmacia,"Calle San Eugenio 1543,",Ñuñoa,13120,Metropolitana,-33.466173,-70.624226,Privada,,Semanal · Lunes - Viernes: 09:30 a 21:00 hrs. · Sábado: 10:00 a 21:00 hrs. · Domingo: 11:00 a 20:00 hrs.,2026-08
h9243,Tu Salud,Independiente,independiente,farmacia,"Avenida Pedro De Valdivia 4170,",Ñuñoa,13120,Metropolitana,-33.461268,-70.605686,Privada,,Semanal · Lunes - Viernes: 10:00 a 19:00 hrs. · Sábado: 09:00 a 14:00 hrs. · Domingo: Cerrado,2026-08
h7433,TUDECISION,Independiente,independiente,farmacia,"Calle Roman Diaz 445,",Providencia,13123,Metropolitana,-33.434305,-70.6209,Privada,,Semanal · Lunes - Viernes: 09:00 a 18:00 hrs. · Sábado y Domingo: Cerrado · Festivos: 09:00 a 18:00 hrs.,2026-08
h6504,ULTRA SOLIDARIA,Independiente,independiente,farmacia,"Irarrázaval N° 3694,",Ñuñoa,13120,Metropolitana,-33.455235,-70.592168,Privada,,Semanal · Lunes - Viernes: 10:00 a 14:00 y 15:00 a 19:00 hrs. · Sábado: 10:00 a 15:00 hrs. · Domingo: Cerrado,2026-08
h10970,Urrutia,Independiente,independiente,farmacia,"Avenida General Bustamante 1007,",Ñuñoa,13120,Metropolitana,-33.454143,-70.628796,Privada,,Semanal · Lunes - Sábado: 10:00 a 19:00 hrs. · Domingo: Cerrado,2026-08
h1495,VALDANI D,Independiente,independiente,farmacia,"Pedro De Valdivia 925 L-6,",Providencia,13123,Metropolitana,-33.431619,-70.609442,Privada,,Semanal · Lunes - Viernes: 10:00 a 14:00 y 16:00 a 20:00 hrs. · Sábado y Domingo: Cerrado,2026-08
h4555,VALDIVIA,Independiente,independiente,farmacia,"Irarrázaval 070,",Ñuñoa,13120,Metropolitana,-33.452138,-70.629848,Privada,,Semanal · Lunes - Viernes: 10:00 a 19:00 hrs. · Sábado y Domingo: Cerrado · Festivos: 10:00 a 19:00 hrs.,2026-08
h1602,VALHFARM,Independiente,independiente,farmacia,"Avenida Pedro De Valdivia 2547,",Ñuñoa,13120,Metropolitana,-33.44589,-70.606352,Privada,,Semanal · Lunes - Viernes: 09:00 a 14:00 y 15:00 a 21:00 hrs. · Sábado: 10:00 a 14:00 y 15:00 a 21:00 hrs. · Domingo: Cerrado,2026-08
h7130,VITALFARMA,Independiente,independiente,farmacia,"Seminario 768, Local 2,",Ñuñoa,13120,Metropolitana,-33.451243,-70.627144,Privada,,Semanal · Lunes - Viernes: 09:00 a 15:00 y 17:00 a 21:00 hrs. · Sábado: 11:00 a 19:00 hrs. · Domingo: Cerrado,2026-08
h12235,Viventi,Independiente,independiente,farmacia,"Avenida Irarrazaval 4560,",Ñuñoa,13120,Metropolitana,-33.454519,-70.582512,Privada,,Semanal · Lunes - Viernes: 10:00 a 20:00 hrs. · Sábado: 11:00 a 15:00 hrs. · Domingo: Cerrado,2026-08
h4989,WELEDA,Independiente,independiente,farmacia,"Simon Bolivar 4188, ñuñoa,",Ñuñoa,13120,Metropolitana,-33.448378,-70.588864,Privada,,Semanal · Sábado y Domingo: Cerrado,2026-08
h10040,Ygea,Independiente,independiente,farmacia,"Avenida Irarrázaval 1915,",Ñuñoa,13120,Metropolitana,-33.459514,-70.597876,Privada,,Semanal · Lunes - Viernes: 11:00 a 19:00 hrs. · Sábado: 10:00 a 15:00 hrs. · Domingo: Cerrado,2026-08
h7137,ZAMARIN,Independiente,independiente,farmacia,"Avenida Nueva Providencia 2186,",Providencia,13123,Metropolitana,-33.422073,-70.609828,Privada,,Semanal · Lunes - Viernes: 09:00 a 19:00 hrs. · Sábado: 10:00 a 15:00 hrs. · Domingo: Cerrado,2026-08
h6479,Amapolas,Independiente,independiente,farmacia,"Amapolas N° 4891,",Ñuñoa,13120,Metropolitana,-33.440053,-70.580645,Municipal,,Semanal · Lunes - Jueves: 09:00 a 18:00 hrs. · Viernes: 09:00 a 17:00 hrs. · Sábado y Domingo: Cerrado,2026-08
h7919,Griselda Hinojosa,Independiente,independiente,farmacia,"Manuel De Salas 65,",Ñuñoa,13120,Metropolitana,-33.454752,-70.592984,Municipal,,Semanal · Lunes - Jueves: 08:30 a 17:30 hrs. · Viernes: 08:30 a 16:30 hrs. · Sábado: 09:00 a 14:00 hrs. · Domingo: Cerrado,2026-08
h6435,Villa Olimpica,Independiente,independiente,farmacia,"Salvador 1350,",Ñuñoa,13120,Metropolitana,-33.464061,-70.620921,Municipal,,Semanal · Lunes - Jueves: 08:30 a 17:30 hrs. · Viernes: 08:30 a 16:30 hrs. · Sábado: 09:00 a 14:00 hrs. · Domingo: Cerrado,2026-08
h11264,Ñuñoa Sede Juan Moya,Independiente,independiente,farmacia,"Calle Juan Moya 1310,",Ñuñoa,13120,Metropolitana,-33.46603,-70.588027,Municipal,,Semanal · Lunes - Jueves: 08:30 a 17:00 hrs. · Viernes: 08:30 a 16:00 hrs. · Sábado y Domingo: Cerrado,2026-08
h7134,POPULAR ACHIFARP,Independiente,independiente,farmacia,"Los Leones 2713,",Providencia,13123,Metropolitana,-33.443741,-70.599657,Municipal,,Semanal · Lunes - Viernes: 09:00 a 19:00 hrs. · Sábado: 09:00 a 14:00 hrs. · Domingo: Cerrado,2026-08
h11734,Provisalud Los Leones,Independiente,independiente,farmacia,"Avenida Los Leones 1770,",Providencia,13123,Metropolitana,-33.435343,-70.601009,Municipal,,Semanal · Lunes - Jueves: 09:00 a 17:30 hrs. · Viernes: 09:00 a 16:30 hrs. · Sábado y Domingo: Cerrado,2026-08
h4919,SOLIDARIA DE PROVIDENCIA,Independiente,independiente,farmacia,"Avenida Salvador 1029,",Providencia,13123,Metropolitana,-33.443096,-70.623861,Municipal,,Semanal · Lunes - Viernes: 08:00 a 13:00 hrs. · Sábado y Domingo: Cerrado,2026-08
preunic_90f0f925,Providencia,Preunic,cadena,perfumeria,Avda. Providencia N° 2212,Providencia,13123,Metropolitana,-33.4216,-70.6097,,,,2026-08
preunic_4719d8c8,Manuel Montt,Preunic,cadena,perfumeria,Avda. Providencia N° 1320,Providencia,13123,Metropolitana,-33.4286,-70.6199,,,,2026-08
preunic_a4d4c96d,Irarrazaval,Preunic,cadena,perfumeria,Avda. Irarrazaval N° 2626,Ñuñoa,13120,Metropolitana,-33.4542,-70.6037,,,,2026-08
