cod_comuna,comuna,AB,C1a,C1b,C2,C3,D,E
1101,Iquique,1.08,10.0,10.72,18.98,32.19,22.85,4.18
1107,Alto Hospicio,0.05,2.06,4.22,10.8,32.83,38.27,11.78
1401,Pozo Almonte,0.0,2.52,4.79,11.98,32.77,38.76,9.17
1402,Camiña,0.0,2.31,5.94,7.26,22.28,60.89,1.32
1403,Colchane,0.0,5.93,3.39,2.54,23.73,50.85,13.56
1404,Huara,0.0,2.86,3.2,2.8,32.16,49.8,9.19
1405,Pica,0.0,9.93,5.96,13.05,33.6,30.37,7.1
2101,Antofagasta,3.06,11.56,9.41,19.28,32.17,20.1,4.41
2102,Mejillones,0.0,1.55,12.18,13.2,38.69,30.89,3.49
2103,Sierra Gorda,0.0,3.45,2.48,23.45,38.48,29.79,2.34
2104,Taltal,0.0,0.0,3.67,11.38,44.01,33.94,7.01
2201,Calama,0.98,7.92,9.96,21.87,33.08,21.87,4.31
2203,San Pedro de Atacama,0.0,5.27,3.17,24.36,35.86,25.65,5.69
2301,Tocopilla,0.24,1.77,5.18,13.02,32.83,36.13,10.84
2302,María Elena,0.0,6.45,1.99,14.74,43.11,32.83,0.87
3101,Copiapó,1.18,9.65,8.58,15.75,33.53,26.59,4.71
3102,Caldera,0.0,5.54,4.77,13.82,38.92,33.1,3.85
3103,Tierra Amarilla,0.0,0.75,1.96,12.54,41.33,34.63,8.79
3201,Chañaral,0.0,3.07,2.65,12.05,37.29,36.85,8.09
3202,Diego de Almagro,1.06,5.73,9.25,15.15,36.01,28.21,4.58
3301,Vallenar,0.18,8.08,5.23,14.22,30.27,33.92,8.1
3302,Alto del Carmen,0.0,0.64,1.82,6.96,20.35,59.4,10.82
3303,Freirina,0.51,2.95,1.84,7.74,26.51,46.52,13.94
3304,Huasco,1.2,4.18,2.29,16.32,31.59,36.7,7.72
4101,La Serena,2.28,10.13,8.66,14.81,29.64,29.35,5.12
4102,Coquimbo,0.36,3.7,7.48,14.7,29.29,37.33,7.14
4103,Andacollo,0.0,0.0,1.15,4.7,24.84,58.68,10.62
4104,La Higuera,0.0,0.0,2.77,4.02,37.34,46.31,9.56
4105,Paiguano,0.0,1.27,5.89,9.36,26.82,42.88,13.78
4106,Vicuña,0.0,4.98,2.93,8.22,18.47,52.56,12.84
4201,Illapel,0.0,4.42,6.13,8.45,30.62,43.43,6.96
4202,Canela,0.0,3.32,2.69,1.79,19.33,61.9,10.97
4203,Los Vilos,0.0,1.16,6.96,12.23,34.02,37.52,8.12
4204,Salamanca,1.07,2.73,3.78,11.69,28.33,43.75,8.65
4301,Ovalle,0.55,2.51,6.33,10.07,32.08,39.97,8.49
4302,Combarbalá,0.0,1.95,4.47,4.17,19.5,58.9,11.02
4303,Monte Patria,0.0,1.22,2.86,5.84,15.89,55.51,18.7
4304,Punitaqui,0.0,1.25,5.09,6.4,24.61,44.51,18.14
4305,Río Hurtado,0.0,1.87,2.96,9.73,18.17,52.27,15.0
5101,Valparaíso,0.51,8.09,8.71,16.27,30.09,31.11,5.22
5102,Casablanca,0.0,3.8,5.83,17.43,39.95,28.74,4.26
5103,Concón,6.67,17.84,9.19,15.37,23.01,25.9,2.02
5105,Puchuncaví,0.0,3.57,5.17,15.1,35.89,35.47,4.8
5107,Quintero,0.0,4.89,6.55,15.02,39.14,28.42,5.97
5109,Viña del Mar,2.66,13.27,11.29,16.92,26.53,25.57,3.76
5301,Los Andes,0.98,6.58,10.36,15.49,32.14,28.82,5.63
5302,Calle Larga,0.34,2.13,2.63,6.95,28.39,50.71,8.85
5303,Rinconada,0.65,2.16,9.56,11.05,27.32,41.6,7.66
5304,San Esteban,0.0,1.51,4.79,8.06,24.52,52.11,9.02
5401,La Ligua,1.16,2.28,6.49,7.77,28.77,44.2,9.34
5402,Cabildo,0.0,1.98,4.79,5.37,34.11,43.63,10.13
5403,Papudo,2.26,6.44,5.51,9.26,29.53,40.55,6.44
5404,Petorca,0.0,1.29,3.96,11.47,30.34,42.89,10.05
5405,Zapallar,0.0,1.55,6.69,19.62,45.42,25.3,1.42
5501,Quillota,0.0,3.53,7.33,12.82,34.38,35.18,6.77
5502,Calera,0.61,2.55,0.59,10.21,33.97,43.69,8.39
5503,Hijuelas,0.0,0.0,3.63,8.41,30.9,46.42,10.63
5504,La Cruz,0.13,7.25,3.98,11.91,32.39,39.58,4.76
5506,Nogales,0.0,0.8,1.68,6.73,32.32,51.4,7.07
5601,San Antonio,0.0,1.99,5.89,11.17,37.26,38.74,4.95
5602,Algarrobo,0.54,7.88,11.85,15.74,34.09,27.5,2.4
5603,Cartagena,0.0,0.77,5.55,13.45,34.22,41.16,4.85
5604,El Quisco,0.0,1.97,4.13,15.2,50.46,25.06,3.17
5605,El Tabo,0.0,2.12,8.32,19.85,34.99,32.99,1.73
5606,Santo Domingo,0.75,11.85,9.88,12.2,33.04,30.31,1.97
5701,San Felipe,0.55,6.83,6.67,15.86,33.07,29.82,7.2
5702,Catemu,0.0,0.0,0.44,9.05,20.62,56.41,13.49
5703,Llaillay,0.0,2.72,0.32,13.1,31.78,40.99,11.08
5704,Panquehue,0.0,1.45,1.18,12.95,32.93,40.3,11.19
5705,Putaendo,0.0,0.89,4.7,10.52,23.76,49.92,10.2
5706,Santa María,0.0,1.55,2.49,8.58,33.56,46.81,7.01
5801,Quilpué,1.5,9.27,10.62,18.72,32.06,25.0,2.83
5802,Limache,0.0,3.99,6.05,14.42,27.28,40.75,7.52
5803,Olmué,0.0,6.01,3.79,8.44,28.83,44.63,8.31
5804,Villa Alemana,1.05,5.8,8.44,20.36,36.06,25.34,2.96
6101,Rancagua,0.58,6.85,7.59,17.85,32.33,28.68,6.11
6102,Codegua,0.0,2.68,3.68,14.07,25.3,47.98,6.3
6103,Coinco,1.59,1.92,2.93,8.54,29.39,44.05,11.58
6104,Coltauco,0.39,0.93,3.72,9.24,28.11,45.79,11.83
6105,Doñihue,0.0,2.72,2.49,11.27,32.89,43.58,7.04
6106,Graneros,0.18,5.0,5.81,13.72,34.17,34.51,6.59
6107,Las Cabras,0.87,2.09,2.68,5.09,30.08,48.31,10.87
6108,Machalí,3.13,15.23,13.61,18.26,23.72,22.09,3.96
6109,Malloa,0.0,0.83,3.54,11.86,34.43,42.44,6.89
6110,Mostazal,0.0,4.16,8.54,10.1,28.04,42.1,7.06
6111,Olivar,0.0,5.32,7.34,8.34,31.02,40.75,7.23
6112,Peumo,0.0,3.93,5.45,5.52,25.19,48.93,10.97
6113,Pichidegua,0.0,0.96,7.11,2.29,18.36,55.84,15.45
6114,Quinta de Tilcoco,0.0,3.53,4.93,9.58,22.47,48.49,11.0
6115,Rengo,0.32,3.4,6.28,13.25,33.01,37.27,6.48
6116,Requínoa,0.0,2.29,3.47,14.45,28.17,43.15,8.46
6117,San Vicente,0.0,2.52,5.01,9.89,32.59,39.99,10.0
6201,Pichilemu,0.0,3.63,13.53,16.31,31.0,32.28,3.26
6202,La Estrella,1.12,1.71,4.47,10.89,30.02,45.32,6.47
6203,Litueche,0.0,1.13,6.36,14.85,25.59,43.82,8.25
6204,Marchihue,0.0,2.81,3.99,18.92,21.3,43.85,9.12
6205,Navidad,0.0,3.65,0.15,4.3,20.89,56.25,14.77
6206,Paredones,0.0,1.86,3.8,7.24,16.65,56.86,13.6
6301,San Fernando,0.43,4.6,6.09,15.69,29.88,35.91,7.41
6302,Chépica,0.0,3.04,5.33,5.74,24.88,50.13,10.88
6303,Chimbarongo,0.0,1.55,4.39,8.01,22.98,48.14,14.92
6304,Lolol,0.0,1.22,3.5,7.01,26.64,50.38,11.26
6305,Nancagua,0.0,2.81,1.21,11.76,31.23,39.64,13.35
6306,Palmilla,0.0,0.0,0.69,13.83,26.66,48.28,10.54
6307,Peralillo,0.0,2.02,1.07,5.34,35.08,49.77,6.71
6308,Placilla,0.0,2.3,1.19,10.26,25.16,50.13,10.97
6309,Pumanque,0.0,3.04,1.98,6.84,23.33,52.96,11.85
6310,Santa Cruz,0.72,6.09,7.08,10.19,28.55,42.77,4.61
7101,Talca,1.3,6.76,10.15,14.55,30.02,31.95,5.28
7102,Constitución,1.51,3.7,7.46,8.11,28.45,41.24,9.53
7103,Curepto,0.0,0.37,2.73,3.44,23.43,53.23,16.8
7104,Empedrado,0.0,0.0,0.63,5.22,26.56,54.84,12.74
7105,Maule,0.0,4.27,8.68,9.99,26.16,39.09,11.81
7106,Pelarco,0.0,0.06,2.22,3.97,24.77,55.03,13.96
7107,Pencahue,0.0,0.86,0.36,7.11,18.56,60.49,12.62
7108,Río Claro,0.0,0.0,2.38,4.21,27.76,52.55,13.1
7109,San Clemente,0.0,2.06,1.58,5.62,17.65,56.08,17.01
7110,San Rafael,0.0,1.26,1.49,9.8,25.79,51.89,9.77
7201,Cauquenes,0.0,3.63,2.08,5.4,23.09,51.0,14.8
7202,Chanco,0.0,0.9,2.89,4.42,18.08,56.03,17.68
7203,Pelluhue,0.0,0.67,4.85,3.62,18.33,56.77,15.75
7301,Curicó,0.1,4.27,6.55,13.09,30.33,36.82,8.84
7302,Hualañé,0.0,1.08,6.17,7.14,24.65,48.01,12.94
7303,Licantén,0.49,0.0,2.78,6.35,34.23,42.93,13.22
7304,Molina,0.0,2.01,4.76,7.36,31.86,44.06,9.95
7305,Rauco,0.0,0.0,1.51,11.04,16.6,55.93,14.92
7306,Romeral,0.0,0.6,4.06,12.57,25.82,43.86,13.1
7307,Sagrada Familia,0.0,0.82,1.33,8.3,21.1,58.18,10.26
7308,Teno,0.0,0.82,1.78,9.32,25.3,52.96,9.82
7309,Vichuquén,0.51,0.45,1.58,4.56,27.21,56.68,9.01
7401,Linares,0.38,4.08,6.88,12.5,26.19,40.55,9.42
7402,Colbún,0.0,0.0,2.28,5.12,20.54,52.48,19.58
7403,Longaví,0.0,0.49,1.23,4.88,20.98,49.38,23.05
7404,Parral,0.0,3.6,5.67,10.76,22.79,43.43,13.74
7405,Retiro,0.0,0.79,1.39,3.72,17.26,53.0,23.84
7406,San Javier,0.0,3.98,4.98,7.07,31.63,38.21,14.13
7407,Villa Alegre,0.0,1.91,1.52,7.51,23.83,48.94,16.28
7408,Yerbas Buenas,0.0,1.48,1.64,5.03,24.91,47.75,19.2
8101,Concepción,2.05,12.17,12.78,18.21,25.86,25.67,3.26
8102,Coronel,0.16,3.1,7.84,12.29,30.97,39.31,6.33
8103,Chiguayante,1.2,11.96,8.69,12.52,27.7,31.77,6.16
8104,Florida,0.0,1.88,2.0,3.13,29.73,48.73,14.53
8105,Hualqui,0.0,0.55,1.22,3.41,31.22,51.48,12.13
8106,Lota,0.0,0.39,3.66,9.94,26.19,48.19,11.62
8107,Penco,0.0,2.42,3.87,11.64,35.06,42.17,4.83
8108,San Pedro de la Paz,3.71,13.94,11.15,15.88,23.96,24.0,7.36
8109,Santa Juana,0.0,1.34,1.45,8.79,27.01,50.82,10.58
8110,Talcahuano,0.33,5.75,8.63,14.4,34.47,31.04,5.38
8111,Tomé,0.0,3.42,4.31,11.11,34.48,41.43,5.24
8112,Hualpén,0.49,7.62,7.53,16.35,30.98,33.03,4.0
8201,Lebu,0.0,4.53,3.76,9.58,20.29,50.76,11.08
8202,Arauco,0.83,2.21,4.07,9.42,30.25,43.94,9.29
8203,Cañete,0.0,2.23,3.62,5.36,22.43,49.55,16.81
8204,Contulmo,0.0,1.9,5.14,4.29,12.47,58.0,18.2
8205,Curanilahue,0.0,1.88,2.94,7.3,23.38,52.57,11.92
8206,Los Alamos,0.0,1.44,3.34,4.42,25.34,53.86,11.59
8207,Tirúa,0.0,3.97,4.91,4.03,18.28,51.82,17.0
8301,Los Angeles,0.38,4.5,7.57,11.48,27.64,38.77,9.65
8302,Antuco,0.0,1.36,6.92,7.8,24.54,43.12,16.27
8303,Cabrero,0.0,0.43,4.42,8.46,28.12,47.12,11.45
8304,Laja,0.0,1.29,0.66,9.11,23.5,51.52,13.92
8305,Mulchén,0.0,2.92,1.64,9.78,17.85,52.47,15.34
8306,Nacimiento,0.0,1.07,3.45,9.37,30.58,45.59,9.93
8307,Negrete,0.0,1.22,0.44,7.44,20.3,60.22,10.38
8308,Quilaco,0.0,1.88,3.31,5.39,14.6,62.1,12.72
8309,Quilleco,0.0,0.0,4.74,10.32,16.85,57.43,10.66
8310,San Rosendo,0.0,0.0,1.05,5.81,21.69,57.66,13.79
8311,Santa Bárbara,0.0,0.62,0.92,8.14,26.2,50.09,14.03
8312,Tucapel,0.0,2.89,3.66,7.56,22.08,49.65,14.16
8313,Yumbel,0.0,0.82,2.61,8.98,22.07,48.76,16.76
8314,Alto Biobío,0.0,4.45,0.18,5.94,18.62,47.3,23.52
9101,Temuco,1.14,10.56,8.37,14.57,27.18,32.15,6.03
9102,Carahue,0.0,2.09,2.27,8.76,17.0,52.41,17.46
9103,Cunco,0.6,2.35,5.41,6.95,15.78,53.54,15.37
9104,Curarrehue,0.0,1.82,4.03,6.57,19.99,54.34,13.25
9105,Freire,0.44,1.93,4.67,6.38,20.97,51.25,14.37
9106,Galvarino,0.0,0.0,3.34,3.37,12.98,53.06,27.25
9107,Gorbea,0.0,3.52,1.28,11.07,23.67,51.56,8.9
9108,Lautaro,0.33,2.3,4.36,8.36,32.34,43.54,8.77
9109,Loncoche,0.0,3.3,4.72,8.93,16.32,51.8,14.94
9110,Melipeuco,0.0,2.06,3.49,15.82,14.84,48.26,15.53
9111,Nueva Imperial,0.0,0.81,2.86,8.37,24.55,49.9,13.51
9112,Padre Las Casas,0.15,4.43,4.21,10.4,28.2,40.36,12.25
9113,Perquenco,0.0,2.85,2.12,7.13,21.96,47.73,18.2
9114,Pitrufquén,0.25,2.36,6.27,8.39,28.14,47.77,6.82
9115,Pucón,0.0,6.96,6.88,11.6,34.18,35.39,4.99
9116,Saavedra,0.0,0.23,0.6,6.48,16.3,50.4,25.99
9117,Teodoro Schmidt,0.0,2.91,1.87,5.76,19.11,49.57,20.78
9118,Toltén,0.0,3.15,3.41,5.99,12.99,48.58,25.87
9119,Vilcún,0.0,1.41,4.45,4.38,20.74,47.69,21.34
9120,Villarrica,0.43,6.2,7.58,11.14,27.19,38.22,9.24
9121,Cholchol,0.0,0.92,2.53,4.61,18.4,47.4,26.14
9201,Angol,0.35,7.28,7.1,8.73,29.65,37.89,8.99
9202,Collipulli,0.81,1.95,3.06,6.49,21.97,48.94,16.77
9203,Curacautín,0.51,2.65,2.42,10.09,23.15,49.15,12.03
9204,Ercilla,0.0,0.72,3.97,7.99,19.43,48.15,19.73
9205,Lonquimay,0.0,3.83,3.97,3.83,15.23,55.54,17.6
9206,Los Sauces,0.0,0.62,2.95,5.09,22.83,47.09,21.43
9207,Lumaco,0.0,2.2,1.9,5.57,15.48,46.69,28.16
9208,Purén,0.0,1.83,3.66,7.64,24.49,49.23,13.15
9209,Renaico,0.0,0.76,5.06,3.71,27.1,53.69,9.67
9210,Traiguén,0.0,3.1,3.93,10.14,20.25,45.83,16.76
9211,Victoria,0.0,2.94,3.56,6.79,23.79,44.38,18.55
10101,Puerto Montt,0.47,9.21,6.85,15.25,29.41,31.62,7.2
10102,Calbuco,0.0,6.66,3.56,7.87,30.66,42.19,9.06
10104,Fresia,0.0,4.37,1.55,13.75,18.43,47.42,14.48
10105,Frutillar,0.0,4.71,7.9,13.85,24.28,40.31,8.95
10106,Los Muermos,0.0,3.23,2.38,9.3,20.17,54.82,10.09
10107,Llanquihue,0.0,3.47,3.52,10.51,30.97,43.44,8.09
10108,Maullín,0.0,2.34,4.34,6.21,20.56,51.54,15.0
10109,Puerto Varas,3.53,14.44,8.4,15.07,26.46,29.44,2.66
10201,Castro,0.28,6.69,8.25,13.68,28.16,36.72,6.21
10202,Ancud,0.44,1.57,5.73,7.48,29.36,47.76,7.66
10203,Chonchi,0.46,1.6,1.97,7.1,25.55,52.43,10.89
10204,Curaco de Vélez,0.0,2.89,4.92,13.28,21.09,47.66,10.16
10205,Dalcahue,0.0,6.33,5.48,6.52,22.26,51.0,8.41
10206,Puqueldón,0.0,4.48,0.0,1.36,22.88,53.43,17.85
10207,Queilén,0.0,1.66,4.71,9.3,15.2,56.86,12.27
10208,Quellón,0.25,1.05,3.72,7.51,29.74,48.37,9.36
10209,Quemchi,0.0,0.26,2.45,3.51,22.59,58.66,12.53
10210,Quinchao,0.0,4.26,2.73,9.14,22.15,46.81,14.9
10301,Osorno,1.45,7.76,8.2,11.67,28.35,35.61,6.96
10302,Puerto Octay,0.0,1.79,3.06,8.04,33.64,39.86,13.61
10303,Purranque,0.28,2.11,3.69,12.11,27.9,42.61,11.28
10304,Puyehue,0.0,3.72,3.24,6.96,24.88,54.61,6.6
10305,Río Negro,0.58,1.33,6.04,11.26,29.92,41.14,9.73
10306,San Juan de la Costa,0.0,2.69,3.0,5.27,17.42,55.2,16.43
10307,San Pablo,0.0,0.0,2.93,8.82,22.21,53.37,12.66
11101,Coihaique,1.56,11.39,11.31,18.18,30.98,23.61,2.96
11102,Lago Verde,0.0,0.0,0.0,29.94,29.94,25.48,14.65
11201,Aisén,1.18,5.97,6.86,15.69,33.06,31.26,5.99
11202,Cisnes,1.08,9.89,11.14,15.52,29.56,28.88,3.92
11301,Cochrane,0.67,12.38,11.49,20.53,28.17,25.2,1.56
11303,Tortel,0.0,22.95,0.0,39.34,16.39,21.31,0.0
11401,Chile Chico,0.69,6.25,9.72,24.0,29.96,25.97,3.41
11402,Río Ibáñez,0.0,4.36,3.3,8.01,35.22,40.75,8.36
12101,Punta Arenas,2.02,10.24,9.66,22.6,35.57,18.36,1.54
12102,Laguna Blanca,0.0,7.37,15.79,40.0,18.95,17.89,0.0
12103,Río Verde,27.86,8.57,15.0,17.86,30.71,0.0,0.0
12104,San Gregorio,0.0,0.0,5.34,16.79,67.94,9.92,0.0
12201,Cabo de Hornos,0.0,35.58,0.0,50.0,14.42,0.0,0.0
12301,Porvenir,1.57,4.27,7.89,23.09,40.09,22.05,1.05
12302,Primavera,0.0,0.0,8.86,30.38,55.06,5.7,0.0
12303,Timaukel,0.0,19.18,10.96,13.7,41.1,15.07,0.0
12401,Natales,0.22,7.15,6.02,18.52,38.05,28.22,1.83
12402,Torres del Paine,0.0,13.79,26.9,25.52,22.07,6.21,5.52
13101,Santiago,2.3,20.54,16.54,23.38,24.1,11.05,2.08
13102,Cerrillos,0.0,7.25,7.91,17.16,30.06,30.66,6.96
13103,Cerro Navia,0.25,1.15,4.03,11.29,37.54,40.98,4.75
13104,Conchalí,0.0,2.95,5.79,12.93,41.41,30.73,6.18
13105,El Bosque,0.0,2.93,7.93,14.8,31.03,36.78,6.53
13106,Estación Central,0.47,7.74,5.86,16.74,37.45,27.06,4.67
13107,Huechuraba,3.07,10.19,6.22,12.43,36.75,26.35,4.99
13108,Independencia,0.0,5.7,7.67,23.45,37.76,19.93,5.5
13109,La Cisterna,0.94,9.64,13.83,20.08,31.89,18.12,5.5
13110,La Florida,1.28,15.21,12.31,18.47,28.54,21.34,2.86
13111,La Granja,0.0,0.34,4.9,13.7,37.38,38.73,4.94
13112,La Pintana,0.0,0.67,0.9,9.47,30.16,47.35,11.45
13113,La Reina,14.8,32.02,16.07,15.04,14.83,6.82,0.42
13114,Las Condes,19.83,36.97,19.16,14.34,6.75,2.78,0.17
13115,Lo Barnechea,17.44,19.5,13.24,9.78,24.92,13.53,1.58
13116,Lo Espejo,0.0,1.22,4.86,10.86,37.45,39.55,6.06
13117,Lo Prado,0.27,1.45,3.2,15.93,40.38,35.84,2.94
13118,Macul,2.32,14.73,12.43,22.94,26.32,18.71,2.55
13119,Maipú,1.55,7.99,10.05,21.83,36.33,20.44,1.81
13120,Ñuñoa,13.91,39.7,16.93,16.26,9.36,3.67,0.17
13121,Pedro Aguirre Cerda,0.38,3.35,5.41,14.15,42.32,29.14,5.25
13122,Peñalolén,4.7,13.38,9.54,12.48,29.65,27.04,3.2
13123,Providencia,16.95,45.39,17.75,11.79,6.27,1.71,0.14
13124,Pudahuel,0.45,5.22,8.64,17.2,34.77,28.46,5.27
13125,Quilicura,0.7,5.05,6.05,16.51,37.49,28.79,5.41
13126,Quinta Normal,0.0,5.22,7.86,21.31,36.52,25.61,3.48
13127,Recoleta,1.38,6.5,6.57,14.2,38.98,28.86,3.52
13128,Renca,0.33,1.56,3.88,10.53,40.16,39.27,4.27
13129,San Joaquín,0.0,5.32,8.92,15.53,36.21,29.54,4.48
13130,San Miguel,3.65,20.04,18.98,18.88,20.32,16.01,2.12
13131,San Ramón,0.0,3.82,4.81,7.82,33.83,45.42,4.29
13132,Vitacura,30.13,36.54,20.07,9.58,3.46,0.22,0.0
13201,Puente Alto,0.15,7.4,8.17,18.49,34.47,26.31,5.01
13202,Pirque,2.24,13.12,13.36,19.77,27.2,21.38,2.93
13203,San José de Maipo,0.3,5.7,7.03,23.46,34.15,24.59,4.77
13301,Colina,5.36,7.61,5.95,8.91,29.06,35.26,7.84
13302,Lampa,0.58,3.33,9.11,18.18,33.26,31.8,3.74
13303,Tiltil,0.0,4.96,3.11,8.07,31.6,45.57,6.69
13401,San Bernardo,0.73,5.66,7.08,15.44,34.03,30.59,6.48
13402,Buin,1.14,6.38,12.43,12.14,36.44,27.6,3.87
13403,Calera de Tango,0.84,1.48,5.79,14.46,34.83,37.37,5.24
13404,Paine,1.26,4.56,7.01,15.27,35.61,32.02,4.27
13501,Melipilla,0.2,2.81,6.07,14.61,30.89,37.92,7.5
13502,Alhué,0.0,1.76,3.46,16.21,36.11,36.66,5.81
13503,Curacaví,2.12,5.09,3.31,9.9,36.44,38.32,4.81
13504,María Pinto,0.0,1.1,3.87,8.48,20.32,55.14,11.08
13505,San Pedro,0.0,0.0,3.82,5.74,39.25,42.11,9.08
13601,Talagante,0.38,6.12,7.83,22.85,31.69,26.63,4.5
13602,El Monte,0.0,3.84,5.43,5.45,36.2,41.18,7.89
13603,Isla de Maipo,0.0,2.18,5.97,9.18,32.95,43.82,5.9
13604,Padre Hurtado,0.22,7.5,3.9,21.08,35.77,28.25,3.28
13605,Peñaflor,2.19,8.93,8.06,18.92,32.85,23.77,5.28
14101,Valdivia,1.61,12.27,10.6,15.72,27.5,27.89,4.41
14102,Corral,0.0,2.09,5.35,8.06,26.57,48.65,9.28
14103,Lanco,0.0,1.92,5.57,11.39,24.78,47.51,8.83
14104,Los Lagos,0.92,1.21,2.5,6.91,28.14,50.21,10.11
14105,Máfil,0.72,0.59,3.47,8.3,34.38,46.15,6.39
14106,Mariquina,0.29,1.99,3.29,8.7,31.24,42.56,11.94
14107,Paillaco,0.46,1.35,2.64,6.68,27.49,49.19,12.2
14108,Panguipulli,0.0,2.5,3.37,9.55,22.06,51.75,10.77
14201,La Unión,0.21,2.66,4.17,10.51,27.99,44.81,9.65
14202,Futrono,0.28,3.63,3.33,6.19,24.02,55.1,7.46
14203,Lago Ranco,0.39,2.74,3.74,4.48,23.35,56.42,8.87
14204,Río Bueno,0.07,2.23,3.81,10.96,26.8,46.73,9.42
15101,Arica,0.67,6.39,8.81,15.01,34.34,29.11,5.68
15102,Camarones,0.0,0.0,8.07,14.12,17.31,49.41,11.09
15201,Putre,0.0,9.49,3.51,8.26,17.05,46.05,15.64
15202,General Lagos,0.0,0.0,0.0,0.0,36.36,45.45,18.18
16101,Chillán,0.57,5.72,7.61,15.5,27.93,33.87,8.8
16102,Bulnes,0.0,2.7,2.8,6.48,27.27,48.24,12.51
16103,Chillán Viejo,0.0,2.84,2.37,8.43,28.73,46.91,10.73
16104,El Carmen,0.0,2.41,3.04,4.16,25.19,45.52,19.68
16105,Pemuco,0.0,4.06,1.99,5.04,20.55,47.88,20.5
16106,Pinto,0.0,0.72,4.74,9.73,22.61,46.14,16.07
16107,Quillón,0.0,2.43,1.57,10.86,28.51,36.15,20.47
16108,San Ignacio,0.0,1.09,1.88,3.7,18.99,52.19,22.15
16109,Yungay,0.0,1.8,4.64,7.8,21.78,50.82,13.16
16201,Quirihue,0.0,2.26,4.73,6.43,23.3,53.99,9.29
16202,Cobquecura,0.0,4.42,4.67,6.75,20.93,49.15,14.09
16203,Coelemu,0.41,2.67,5.51,7.85,23.24,49.3,11.01
16204,Ninhue,0.0,1.53,1.94,4.3,22.94,56.26,13.02
16205,Portezuelo,0.0,1.06,2.8,8.24,23.57,52.67,11.66
16206,Ranquil,0.0,0.17,2.61,11.09,24.49,49.19,12.45
16207,Treguaco,0.0,0.0,1.8,4.63,24.24,57.59,11.73
16301,San Carlos,0.0,2.96,5.8,8.63,24.4,45.45,12.76
16302,Coihueco,0.6,0.54,1.37,5.57,22.55,50.43,18.94
16303,Ñiquén,0.0,1.26,1.08,6.18,20.12,50.99,20.38
16304,San Fabián,2.52,3.59,6.12,4.41,25.16,45.84,12.36
16305,San Nicolás,0.0,0.29,1.16,6.28,17.57,62.7,11.99
